blockology_node_id,node_lat,node_lon,osm_name,typology,status,pano_id,pano_date,pano_lat,pano_lon,month,year,usable,pano_snap_distance_m,grid_bearing_deg
1st_avenue_001,40.743686,-73.973583,1st_avenue,avenue,OK,AOGAQVBozIBkqviD1iQlvA,2026-04,40.74369004814123,-73.97358597594356,4,2026,True,0.5152424261893942,29
1st_avenue_002,40.743843,-73.973467,1st_avenue,avenue,OK,NdGGOikc9TTAe5BxYoW3Sw,2026-04,40.74386153264695,-73.97346051561547,4,2026,True,2.131913205485637,29
1st_avenue_003,40.744,-73.973351,1st_avenue,avenue,OK,xm7_tT2trKdcJdYVtT-pJg,2026-04,40.74400661944922,-73.9733556812972,4,2026,True,0.8350452936970886,29
1st_avenue_004,40.744157,-73.973235,1st_avenue,avenue,OK,5PCted7Iu0Pa9NBmrz0GJg,2026-04,40.74416948542586,-73.97323802286685,4,2026,True,1.4114791685717063,29
1st_avenue_005,40.744315,-73.973121,1st_avenue,avenue,OK,Gf9GnRHa92-ohWBmfLcsTA,2026-04,40.74433483228417,-73.97311713592906,4,2026,True,2.2291461753410604,29
1st_avenue_006,40.744473,-73.973008,1st_avenue,avenue,OK,eHm5hEjpa07S3aa9y2eo-Q,2026-04,40.74450081867798,-73.97299597987887,4,2026,True,3.254826215486269,29
1st_avenue_007,40.744631,-73.972894,1st_avenue,avenue,OK,G-mz4uYycrAWs2Tw8-R0NQ,2026-04,40.74459484734376,-73.9729276446045,4,2026,True,4.918734501799275,29
1st_avenue_008,40.744789,-73.97278,1st_avenue,avenue,OK,pqE06iRnA9tEPem8tTvEcw,2026-04,40.74475709484945,-73.9728098962336,4,2026,True,4.3507870365402646,29
1st_avenue_009,40.744946,-73.972664,1st_avenue,avenue,OK,_7QhHE6Fa-rnwiMRz0z4SQ,2026-04,40.74491737192536,-73.97269367233304,4,2026,True,4.04745952796307,29
1st_avenue_010,40.745104,-73.972549,1st_avenue,avenue,OK,gKrj4Wz_EJ34R_al03keDw,2026-04,40.74508574052443,-73.97257126051007,4,2026,True,2.763898772458915,29
1st_avenue_011,40.745261,-73.972433,1st_avenue,avenue,OK,M6Yc0_9J8Cmbih4gfhsmAg,2026-04,40.74524330218635,-73.97245503646543,4,2026,True,2.705361057793135,29
1st_avenue_012,40.745418,-73.972318,1st_avenue,avenue,OK,vLnL67joZw_TpvjJcfGwlw,2026-04,40.74540435124663,-73.97233630133503,4,2026,True,2.1634143596646918,29
1st_avenue_013,40.745575,-73.972203,1st_avenue,avenue,OK,8dwV4cXDcmCwsdhxV2Yxwg,2026-04,40.74556443333842,-73.9722181938857,4,2026,True,1.737490669146356,29
1st_avenue_014,40.745734,-73.972089,1st_avenue,avenue,OK,Y_8WKrdM66DDQthvpYtpbg,2026-04,40.74572459220732,-73.97210116251476,4,2026,True,1.464287036833825,29
1st_avenue_015,40.745891,-73.971974,1st_avenue,avenue,OK,nBnuMvFyIMPRiZFIU_7Kqg,2026-04,40.74589643446903,-73.97197722576699,4,2026,True,0.662576207553845,29
1st_avenue_016,40.746048,-73.971859,1st_avenue,avenue,OK,_EP7GcHB2pV9c18rdZ9w5w,2026-04,40.74606180434043,-73.97185284054267,4,2026,True,1.620303992059553,29
1st_avenue_017,40.746207,-73.971745,1st_avenue,avenue,OK,sw6tbaXaZWpclH47HnHFVg,2026-04,40.74622815557777,-73.97172953139092,4,2026,True,2.689209213199287,29
1st_avenue_018,40.746364,-73.97163,1st_avenue,avenue,OK,uwurmuX8C2FUhEs_vYQNgw,2026-04,40.74638813105349,-73.97161016805681,4,2026,True,3.160856355905422,29
1st_avenue_019,40.746521,-73.971514,1st_avenue,avenue,OK,E39Q5r_kKEXgUdkOWWnkGQ,2026-04,40.74654859319235,-73.97148945945585,4,2026,True,3.6997138611369493,29
1st_avenue_020,40.746679,-73.9714,1st_avenue,avenue,OK,MRCQSipmx5vssWtfHLFHxg,2026-04,40.74671977856522,-73.97136570167348,4,2026,True,5.376692292032115,29
1st_avenue_021,40.746837,-73.971287,1st_avenue,avenue,OK,Rs2vs6n-RAyu-jJ47KEYXQ,2026-04,40.74680864224306,-73.97130615442232,4,2026,True,3.5421186809959964,29
1st_avenue_022,40.746993,-73.971168,1st_avenue,avenue,OK,NqxZwBcKWcQuhdbtVYHYjA,2026-04,40.74702326133314,-73.97116975168872,4,2026,True,3.368140800102037,29
1st_avenue_023,40.747153,-73.971059,1st_avenue,avenue,OK,pSeFIxMnRjwPGCZxJJfs_Q,2026-04,40.74719024732895,-73.97105200224269,4,2026,True,4.1834558255099275,29
1st_avenue_024,40.747183,-73.971039,1st_avenue,avenue,OK,pSeFIxMnRjwPGCZxJJfs_Q,2026-04,40.74719024732895,-73.97105200224269,4,2026,True,1.3598341650490269,29
1st_avenue_west_branch_001,40.747361,-73.971028,1st_avenue_west_branch,avenue,OK,cKf0MiXtR5fwKI3GxhBVQQ,2026-04,40.74735216946011,-73.97103021006771,4,2026,True,0.999405732228645,29
1st_avenue_025,40.747343,-73.97093,1st_avenue,avenue,OK,FTly5K7kri5lW3S9yIAJkQ,2026-04,40.74736077994118,-73.97093003777485,4,2026,True,1.9770418163985761,29
1st_avenue_west_branch_002,40.747521,-73.970918,1st_avenue_west_branch,avenue,OK,Xro_CQMmdwj3em3ijnvFCQ,2026-04,40.74751652885244,-73.97082340848195,4,2026,True,7.9839339239289515,29
1st_avenue_026,40.747503,-73.970821,1st_avenue,avenue,OK,Xro_CQMmdwj3em3ijnvFCQ,2026-04,40.74751652885244,-73.97082340848195,4,2026,True,1.5179602049305594,29
1st_avenue_west_branch_003,40.747679,-73.970806,1st_avenue_west_branch,avenue,OK,NG_enqdDCeNDp80I1Q2OtQ,2026-04,40.74768229478143,-73.97071247449554,4,2026,True,7.887132024731912,29
1st_avenue_027,40.747661,-73.970708,1st_avenue,avenue,OK,NG_enqdDCeNDp80I1Q2OtQ,2026-04,40.74768229478143,-73.97071247449554,4,2026,True,2.3976852737178413,29
1st_avenue_west_branch_004,40.747838,-73.970694,1st_avenue_west_branch,avenue,OK,jG2oqGXEdofIIbalslXAoA,2026-04,40.74776851881671,-73.97065346512186,4,2026,True,8.446911738779521,29
1st_avenue_028,40.747817,-73.97059,1st_avenue,avenue,OK,V7S7Jk9pULdcXEdre1XHww,2026-04,40.74785518328086,-73.9705949041298,4,2026,True,4.265838730938538,29
1st_avenue_west_branch_005,40.747997,-73.970584,1st_avenue_west_branch,avenue,OK,4A6gVc_to1zBkFN9CGXqow,2026-04,40.74793613109285,-73.97053643279986,4,2026,True,7.86553186680151,29
1st_avenue_029,40.747954,-73.970437,1st_avenue,avenue,OK,R6R5nH8fiMVjOxFy5GHdAQ,2026-04,40.74795383571172,-73.97044827737167,4,2026,True,0.9501811308544342,29
1st_avenue_west_branch_006,40.748163,-73.970492,1st_avenue_west_branch,avenue,OK,LY-D1hBZd4qq_IxFkppBWQ,2026-04,40.74818185312606,-73.97047679561227,4,2026,True,2.4566760988958607,29
1st_avenue_030,40.748072,-73.97026,1st_avenue,avenue,OK,CgwmoI5veAP5jkgmg2ee6g,2026-04,40.74803960445922,-73.97031178435034,4,2026,True,5.657357885991107,29
1st_avenue_west_branch_007,40.748326,-73.970392,1st_avenue_west_branch,avenue,OK,QtdkBsXpGhNcE6beDBiprg,2026-04,40.74833785470965,-73.97037249774957,4,2026,True,2.106322880120252,29
1st_avenue_031,40.74821,-73.970108,1st_avenue,avenue,OK,Bj_pFg8i0fnmLkQNsoMgSw,2026-04,40.74822934478711,-73.97012076570208,4,2026,True,2.4048743392860548,29
1st_avenue_west_branch_008,40.748484,-73.970276,1st_avenue_west_branch,avenue,OK,lS_CkaxFKeP2rs4KiA0yvQ,2026-04,40.74849808661459,-73.97025394069516,4,2026,True,2.4303528834176644,29
1st_avenue_032,40.748369,-73.969997,1st_avenue,avenue,OK,9PV70_6DtFqH7jXfplgeFQ,2026-04,40.74839109913057,-73.97000337433552,4,2026,True,2.5152963212830097,29
1st_avenue_west_branch_009,40.748641,-73.970161,1st_avenue_west_branch,avenue,OK,GIMIDhyB2IjRAA-AvS2b2g,2026-04,40.74865667425158,-73.97013654940976,4,2026,True,2.6981543199195075,29
1st_avenue_033,40.748528,-73.969885,1st_avenue,avenue,OK,bg3Ye5x6i8fwtFHQvgqJcA,2026-04,40.74855229852549,-73.96988526545522,4,2026,True,2.7019652949044275,29
1st_avenue_west_branch_010,40.748799,-73.970046,1st_avenue_west_branch,avenue,OK,4M4arDimSdX07kMKV_uP1w,2026-04,40.74881302412204,-73.970018799332,4,2026,True,2.771654299013265,29
1st_avenue_034,40.748688,-73.969777,1st_avenue,avenue,OK,ZI0SRPp_Q_-LRfqglwAhcw,2026-04,40.74871207133275,-73.9697703849942,4,2026,True,2.734000693473097,29
1st_avenue_west_branch_011,40.748937,-73.969897,1st_avenue_west_branch,avenue,OK,OcAdKqVHpJBWZ04T3RKsyA,2021-05,40.74895774617404,-73.96988553449604,5,2021,False,2.5008981575821,29
1st_avenue_035,40.748857,-73.969695,1st_avenue,avenue,OK,KTDCyFC6PLAR_14LaneM5g,2026-04,40.74887729557047,-73.9696678803564,4,2026,True,3.2112378005820634,29
2nd_avenue_001,40.744777,-73.975898,2nd_avenue,avenue,OK,XekIGngpW-KX25FXP6F4Uw,2026-04,40.74474294038416,-73.97592361242899,4,2026,True,4.358779080374092,29
2nd_avenue_002,40.744934,-73.975782,2nd_avenue,avenue,OK,nDxPB565qw8qXGsjS4xKVw,2026-04,40.74490315922615,-73.97580694202136,4,2026,True,4.021870782600985,29
2nd_avenue_003,40.745092,-73.975667,2nd_avenue,avenue,OK,APy9rO2Xo6thve3FjH0gIA,2026-04,40.74505669936984,-73.97569367929049,4,2026,True,4.523176047672167,29
2nd_avenue_004,40.745249,-73.975551,2nd_avenue,avenue,OK,QBPvoGWNoTk0-DRP0LvcSQ,2026-04,40.74521588480113,-73.97557611196723,4,2026,True,4.246683836829977,29
2nd_avenue_005,40.745406,-73.975435,2nd_avenue,avenue,OK,mm3YOyP84Cmi_jqsFF8otA,2026-04,40.74539234497294,-73.97544482388749,4,2026,True,1.729266172613579,29
2nd_avenue_006,40.745563,-73.975319,2nd_avenue,avenue,OK,COilykflfao--d0m9ZedHA,2026-04,40.74555881789599,-73.97531488088427,4,2026,True,0.5802287314912892,29
2nd_avenue_007,40.74572,-73.975204,2nd_avenue,avenue,OK,6poXc6RO5VASJUmW2yAwOA,2026-04,40.74571676870152,-73.97520986822059,4,2026,True,0.6111354976039007,29
2nd_avenue_008,40.745878,-73.975088,2nd_avenue,avenue,OK,oRzUZ6kIbN5v6AzFjEnVVg,2026-04,40.74588137571777,-73.97509705352745,4,2026,True,0.8500572471741374,29
2nd_avenue_009,40.746035,-73.974972,2nd_avenue,avenue,OK,mFI0uKD0zgLqVWCUgOeing,2026-04,40.74605318239141,-73.97497814067115,4,2026,True,2.086920650798152,29
2nd_avenue_010,40.746192,-73.974856,2nd_avenue,avenue,OK,grbwn57CzUA_SrD1jcUR-A,2026-04,40.74621343473454,-73.97486227679178,4,2026,True,2.441383793749076,29
2nd_avenue_011,40.746349,-73.974741,2nd_avenue,avenue,OK,3PpVHae-s8auolIu7BUN9w,2026-04,40.74637413622185,-73.97473206436112,4,2026,True,2.8946122971083494,29
2nd_avenue_012,40.746507,-73.974626,2nd_avenue,avenue,OK,Fr0fcpTZ08qiPeyAyT6RvA,2026-04,40.74652097770605,-73.97464068244429,4,2026,True,1.9863418906233723,29
2nd_avenue_013,40.746664,-73.974511,2nd_avenue,avenue,OK,rsVMKdjYxX-72xbIejLvyQ,2026-04,40.74667963119792,-73.97445253779192,4,2026,True,5.222658081397693,29
2nd_avenue_014,40.746822,-73.974397,2nd_avenue,avenue,OK,ddvYIqw-caJqaiq_uehpaA,2026-04,40.74683795112838,-73.9743915566449,4,2026,True,1.8320017318499093,29
2nd_avenue_015,40.74698,-73.974283,2nd_avenue,avenue,OK,fI0Eb40EVgd8rgvk39-BQQ,2026-04,40.74698840290307,-73.97427730662041,4,2026,True,1.0502673819252657,29
2nd_avenue_016,40.747138,-73.974168,2nd_avenue,avenue,OK,3_111niLyQKOOOz6XwwYkQ,2026-04,40.74715627497615,-73.97415355063035,4,2026,True,2.3687581410034237,29
2nd_avenue_017,40.747296,-73.974054,2nd_avenue,avenue,OK,m5w_WVSv_-TBdGhQHXT6fQ,2026-04,40.74732097669725,-73.9740345475127,4,2026,True,3.2246875786440086,29
2nd_avenue_018,40.747453,-73.97394,2nd_avenue,avenue,OK,F3H7tH-jgB15cam2awwb7Q,2026-04,40.74747953299718,-73.97392164245211,4,2026,True,3.3310635691974424,29
2nd_avenue_019,40.747611,-73.973826,2nd_avenue,avenue,OK,zX7pkZxowUCkRwZZ0GBqaw,2026-04,40.74763882451801,-73.97380595729354,4,2026,True,3.5246574415800955,29
2nd_avenue_020,40.747769,-73.973712,2nd_avenue,avenue,OK,CJPF6dR9rqWQicakS26sEw,2026-04,40.74780080059988,-73.97368847849543,4,2026,True,4.053384530168143,29
2nd_avenue_021,40.747927,-73.973597,2nd_avenue,avenue,OK,fKjZXKYCSzwSdxYr07GU4w,2026-04,40.74789348181063,-73.97362130928782,4,2026,True,4.252583684012541,29
2nd_avenue_022,40.748085,-73.973483,2nd_avenue,avenue,OK,dApUMUTGGwaYzW7_t8jB9g,2026-04,40.74805210475641,-73.9735051755558,4,2026,True,4.107195179495583,29
2nd_avenue_023,40.748243,-73.973369,2nd_avenue,avenue,OK,7vcZV02P3a7LEog8fTHw5g,2026-04,40.74821320946748,-73.97338635139451,4,2026,True,3.620707335254337,29
2nd_avenue_024,40.7484,-73.973255,2nd_avenue,avenue,OK,Y4IGkaDOkxrHskcVK8afsg,2026-04,40.74836905663118,-73.97327138334374,4,2026,True,3.707218825013178,29
2nd_avenue_025,40.748558,-73.97314,2nd_avenue,avenue,OK,NmzFmsHjQOKo9PC4Bboofg,2026-04,40.74856274549181,-73.97313040838588,4,2026,True,0.9650327860349677,29
2nd_avenue_026,40.748716,-73.973026,2nd_avenue,avenue,OK,GpkQvkUs4UNoxhu6eP6fBg,2026-04,40.74872207888609,-73.97301929637113,4,2026,True,0.8807897936805873,29
2nd_avenue_027,40.748874,-73.972912,2nd_avenue,avenue,OK,MM0qtzN6nSAc8YwU2gSw6A,2026-04,40.74888018432669,-73.97290379002793,4,2026,True,0.97529088530439,29
2nd_avenue_028,40.749032,-73.972798,2nd_avenue,avenue,OK,KbuWA4GZkLpI0t9kB0869w,2026-04,40.74904472541682,-73.97278370999052,4,2026,True,1.8577656634522457,29
2nd_avenue_029,40.749189,-73.972682,2nd_avenue,avenue,OK,OliAiaLn8bm1lGeT4bXuGg,2026-04,40.74920963414628,-73.97266569249466,4,2026,True,2.6742157040900603,29
2nd_avenue_030,40.749345,-73.972565,2nd_avenue,avenue,OK,CwJueWQ6lVqwdMicP4meEg,2026-04,40.74937761272185,-73.97254381872807,4,2026,True,4.041556684017114,29
2nd_avenue_031,40.749502,-73.972448,2nd_avenue,avenue,OK,zYrXx1gRYxArSxe5AXfrXg,2026-04,40.74954449589767,-73.97242113777253,4,2026,True,5.239187056994336,29
2nd_avenue_032,40.749659,-73.972331,2nd_avenue,avenue,OK,laBJSJKjDXQAUF8Xsr_EPg,2026-04,40.74962374495174,-73.97236185988515,4,2026,True,4.703785173856084,29
2nd_avenue_033,40.749815,-73.972213,2nd_avenue,avenue,OK,2ZEhBd_jQ8-9ee6Y9E_-oA,2026-04,40.74978432881142,-73.97224366277233,4,2026,True,4.278207255737294,29
2nd_avenue_034,40.749972,-73.972098,2nd_avenue,avenue,OK,Iur9Kh4W8fims5RMYmCXBA,2026-04,40.74994151442514,-73.97212914243521,4,2026,True,4.286377948626483,29
3rd_avenue_001,40.745606,-73.978227,3rd_avenue,avenue,OK,JRfca0prQB4nWzxEy4qpaA,2026-04,40.7456367475427,-73.97819252840051,4,2026,True,4.4858121215548925,29
3rd_avenue_002,40.745762,-73.97811,3rd_avenue,avenue,OK,6_7H4KCQWq3DszNdqDrYXg,2026-04,40.74579812484885,-73.97807657678077,4,2026,True,4.905450450424715,29
3rd_avenue_003,40.74592,-73.977997,3rd_avenue,avenue,OK,yhrglYYmj1T2h-8CMAbqyw,2026-04,40.74596686357236,-73.97795354064685,4,2026,True,6.368537683589811,29
3rd_avenue_004,40.746078,-73.977882,3rd_avenue,avenue,OK,nzTmlTgRO64BVHxxmVklew,2026-04,40.74604834648191,-73.97789399543424,4,2026,True,3.4486928852976013,29
3rd_avenue_005,40.746236,-73.977768,3rd_avenue,avenue,OK,XPyvOyT-HAMMLXB6LMC_IA,2026-04,40.7462239341864,-73.97776557858768,4,2026,True,1.357075561205551,29
3rd_avenue_006,40.746393,-73.977653,3rd_avenue,avenue,OK,EFOoQq4kAVLIloLqGIKVqA,2026-04,40.7463859079319,-73.97764747447083,4,2026,True,0.915732507239217,29
3rd_avenue_007,40.74655,-73.977536,3rd_avenue,avenue,OK,jSbQro0Qcyqmn8v_1-J48Q,2026-04,40.74655098050566,-73.97752730771714,4,2026,True,0.7403253387523501,29
3rd_avenue_008,40.746706,-73.977418,3rd_avenue,avenue,OK,tkrp7HNl8Z9sTan-0tklyg,2026-04,40.74671383095578,-73.97740848603986,4,2026,True,1.183462206654722,29
3rd_avenue_009,40.746863,-73.9773,3rd_avenue,avenue,OK,R2dnkktQ-xmwjd_iwwuDFg,2026-04,40.74687627929379,-73.97729002299643,4,2026,True,1.699034613733101,29
3rd_avenue_010,40.747019,-73.977182,3rd_avenue,avenue,OK,yhc7dIFm5sN_a44yGen3jA,2026-04,40.74703907381765,-73.97717559533942,4,2026,True,2.2963883116215587,29
3rd_avenue_011,40.747179,-73.977073,3rd_avenue,avenue,OK,ItA7OVlHwQzBIMKRKSmVig,2026-04,40.74719301941688,-73.97706627919912,4,2026,True,1.6585163712663873,29
3rd_avenue_012,40.747339,-73.976964,3rd_avenue,avenue,OK,dEhrHGTmoYZQu1KrQWjRBg,2026-04,40.74736523015302,-73.97694225597209,4,2026,True,3.4441473222954255,29
3rd_avenue_013,40.747499,-73.976855,3rd_avenue,avenue,OK,V7N3uRpR31__-TQYucU7rw,2026-04,40.74745790370435,-73.97687553628542,4,2026,True,4.886206563791387,29
3rd_avenue_014,40.747659,-73.976746,3rd_avenue,avenue,OK,3dpr9Xaw3kYy7tr8z0PkcA,2026-04,40.74767603956982,-73.97671393823875,4,2026,True,3.2992069154018835,29
3rd_avenue_015,40.747817,-73.976632,3rd_avenue,avenue,OK,U5KkQUrcc97LG9G9Old-Gw,2026-04,40.74783590469634,-73.97659377090181,4,2026,True,3.8457748992677194,29
3rd_avenue_016,40.747974,-73.976517,3rd_avenue,avenue,OK,oYiGY4tDiLuH_cmZXoAC0A,2026-04,40.74800687870117,-73.97646849188928,4,2026,True,5.483059500594338,29
3rd_avenue_017,40.748131,-73.976401,3rd_avenue,avenue,OK,_gNjEhXGivKelsDFUlqttA,2026-04,40.74809090124067,-73.97640562815933,4,2026,True,4.475791462896242,29
3rd_avenue_018,40.748289,-73.976287,3rd_avenue,avenue,OK,nRd2-eKVFM6YWFa6Kt6icQ,2026-04,40.74824975248353,-73.97628841998032,4,2026,True,4.365763749974567,29
3rd_avenue_019,40.748447,-73.976172,3rd_avenue,avenue,OK,tgNS8Vjtznfh-_ChcUzI6Q,2026-04,40.7484129433282,-73.97617417108215,4,2026,True,3.7913429217253114,29
3rd_avenue_020,40.748604,-73.976057,3rd_avenue,avenue,OK,B5xr9zXhZocS4Mm2YqBrPA,2026-04,40.74857252463644,-73.97605839760044,4,2026,True,3.501880380182425,29
3rd_avenue_021,40.748761,-73.975942,3rd_avenue,avenue,OK,rsTHepaS6uRTsgh34LEYdg,2026-04,40.74872822656317,-73.97594450727547,4,2026,True,3.6503553626368705,29
3rd_avenue_022,40.748919,-73.975827,3rd_avenue,avenue,OK,CAoSFkNJSE0wb2dLRUlDQWdJRENucGV1VUE.,2020-09,40.74892438638681,-73.97581877945258,9,2020,False,0.9155699269398931,29
3rd_avenue_023,40.749077,-73.975713,3rd_avenue,avenue,OK,wtzX87DyyTrvvHyStzaIlQ,2026-04,40.74906195060399,-73.97569502445396,4,2026,True,2.2568180646098086,29
3rd_avenue_024,40.749235,-73.975598,3rd_avenue,avenue,OK,aUaP0EBG3n31LfiVcCfPBA,2026-04,40.74922169049561,-73.9755782642301,4,2026,True,2.225800071646057,29
3rd_avenue_025,40.749392,-73.975484,3rd_avenue,avenue,OK,4994o0_LX4D4dFeFhrnMGQ,2026-04,40.7494016203147,-73.97544868002771,4,2026,True,3.1617506874038708,29
3rd_avenue_026,40.749549,-73.975367,3rd_avenue,avenue,OK,IUEioSnyRBDJt51SrKPrcw,2026-04,40.74956621079019,-73.97533317514262,4,2026,True,3.432370442970206,29
3rd_avenue_027,40.749706,-73.975252,3rd_avenue,avenue,OK,S1JbtInUw6Ie6xc3HaUBtg,2026-04,40.74973426843121,-73.97521130306524,4,2026,True,4.651134278755759,29
3rd_avenue_028,40.749864,-73.975137,3rd_avenue,avenue,OK,L7zD7sFzsKBVLOMftsrb3A,2026-04,40.74989714286517,-73.97509274899093,4,2026,True,5.241807252214285,29
3rd_avenue_029,40.750021,-73.975022,3rd_avenue,avenue,OK,puz41qsd5_0Yz6AAVao2VQ,2026-04,40.74997865519183,-73.9750334719264,4,2026,True,4.80667201137232,29
3rd_avenue_030,40.75018,-73.974909,3rd_avenue,avenue,OK,7F-rf9k2_oLNBG6pwM0Q8w,2026-04,40.7501400357055,-73.9749160835556,4,2026,True,4.483708954157119,29
3rd_avenue_031,40.750337,-73.974793,3rd_avenue,avenue,OK,bVy0pzYRpSELV0LWhR2sBw,2026-04,40.75029812729137,-73.97480048867278,4,2026,True,4.3682369975849955,29
3rd_avenue_032,40.750494,-73.974677,3rd_avenue,avenue,OK,hrOfoWm-mzQuXyf-pbn5Bw,2026-04,40.75045722154409,-73.9746839969402,4,2026,True,4.131832263007286,29
3rd_avenue_033,40.750651,-73.974562,3rd_avenue,avenue,OK,DsxWGUWv7NFwiKDld4xSHA,2026-04,40.75061285276131,-73.97457019547977,4,2026,True,4.2975909971021045,29
3rd_avenue_034,40.750809,-73.974447,3rd_avenue,avenue,OK,3TQKJ0m1QhUjczhyHgO25Q,2026-04,40.75077492059101,-73.97445235843563,4,2026,True,3.8162451228092658,29
Park_Ave_East_001,40.74692,-73.98137,Park_Ave_East,avenue,OK,8dcsoYSWNfJdgZH9R94U3A,2026-04,40.74688062774294,-73.98140040580847,4,2026,True,5.07225205826623,29
Park_Ave_East_002,40.747072,-73.981244,Park_Ave_East,avenue,OK,8qkpS_wAtFPlMtItoWI0iw,2026-04,40.74703790529627,-73.98128158652486,4,2026,True,4.93948679131413,29
Park_Ave_East_003,40.747227,-73.981123,Park_Ave_East,avenue,OK,_QvKtXNSgmC66-JeVbt0Mw,2026-04,40.74719766394756,-73.98115953886725,4,2026,True,4.485005666038016,29
Park_Ave_East_004,40.747385,-73.981008,Park_Ave_East,avenue,OK,o3BPaXZcpDqtHL4tvYF4RA,2026-04,40.74735262955437,-73.98104143683527,4,2026,True,4.57055054642439,29
Park_Ave_East_005,40.747542,-73.980893,Park_Ave_East,avenue,OK,r-V4vI2DSV0zXG9tXYkPoQ,2026-04,40.74751433211827,-73.98091822324848,4,2026,True,3.7389681193127133,29
Park_Ave_East_006,40.7477,-73.980778,Park_Ave_East,avenue,OK,bzsGuvb1V6d5Ae1PFlPRYQ,2026-04,40.74767115655597,-73.98080047976896,4,2026,True,3.724584345571593,29
Park_Ave_East_007,40.747857,-73.980663,Park_Ave_East,avenue,OK,CpacIjUi98DrNT3JKZAY6A,2026-04,40.74783567878912,-73.98068757868013,4,2026,True,3.1476589833692463,29
Park_Ave_East_008,40.748015,-73.980549,Park_Ave_East,avenue,OK,sXujW_LuO-PxH_eBFnLMkA,2026-04,40.74800256877816,-73.9805780851859,4,2026,True,2.813161131130918,29
Park_Ave_East_009,40.748173,-73.980436,Park_Ave_East,avenue,OK,CK5iy91aho4M-3TdIMIG6g,2026-04,40.74816516169143,-73.9804622246802,4,2026,True,2.3748761131281406,29
Park_Ave_East_010,40.748331,-73.980322,Park_Ave_East,avenue,OK,ycmLfsklx-lHAxyi4i4tAQ,2026-04,40.74833344165064,-73.98033757591574,4,2026,True,1.3399019831983952,29
Park_Ave_East_011,40.748489,-73.980207,Park_Ave_East,avenue,OK,O890ExPfNmVwnilQPlTTLQ,2026-04,40.74849216460628,-73.9802157070096,4,2026,True,0.813515193389812,29
Park_Ave_East_012,40.748646,-73.980092,Park_Ave_East,avenue,OK,5RZedEt508cAsB3t7HH9_Q,2026-04,40.74864672425881,-73.98009850115285,4,2026,True,0.5535409665854593,29
Park_Ave_East_013,40.748804,-73.979977,Park_Ave_East,avenue,OK,vifgrIr5Ir0Vydl0d_l-NA,2026-04,40.74880188531284,-73.9799807571712,4,2026,True,0.3942895084842046,29
Park_Ave_East_014,40.748962,-73.979863,Park_Ave_East,avenue,OK,BlyC9bZWbJJSM1eXcNAjlw,2026-04,40.74893938375341,-73.97985808095828,4,2026,True,2.5487221091585273,29
Park_Ave_East_015,40.749119,-73.979748,Park_Ave_East,avenue,OK,T_ZgIriK3mHpGJhM4lG54g,2026-04,40.74910061373528,-73.97976132093684,4,2026,True,2.3321670165883184,29
Park_Ave_East_016,40.749277,-73.979633,Park_Ave_East,avenue,OK,2w6zsmnFi4KyKUdg4_2JEg,2026-04,40.74925965302707,-73.97964913664345,4,2026,True,2.3597453169832883,29
Park_Ave_East_017,40.749434,-73.979517,Park_Ave_East,avenue,OK,UUWYSVfhqWuFZa_McMSDug,2026-04,40.74941773811929,-73.97953766969076,4,2026,True,2.5102628799840536,29
Park_Ave_East_018,40.749591,-73.979401,Park_Ave_East,avenue,OK,0oBFciNUutslp3SuqHhGgg,2026-04,40.74957696501957,-73.97942575429431,4,2026,True,2.6045725360865926,29
Park_Ave_East_019,40.749749,-73.979287,Park_Ave_East,avenue,OK,jQ56E4EJ86hvjfTXD6QcwQ,2026-04,40.74973399292357,-73.97930738216951,4,2026,True,2.394264733240317,29
Park_Ave_East_020,40.749906,-73.979172,Park_Ave_East,avenue,OK,99ltcoPMZKzrLr2wtGqt4g,2026-04,40.74989088210302,-73.97918909964774,4,2026,True,2.2137563418001833,29
Park_Ave_East_021,40.750064,-73.979058,Park_Ave_East,avenue,OK,dW4QKQl3qkVwTJfM45heZw,2026-04,40.75004655375824,-73.97907180348909,4,2026,True,2.2617191732082644,29
Park_Ave_East_022,40.750221,-73.97894,Park_Ave_East,avenue,OK,ohb47A8Yzivy9Ina4hEf9g,2026-04,40.75026081739833,-73.97890527510427,4,2026,True,5.306509245246663,29
Park_Ave_East_023,40.750377,-73.978823,Park_Ave_East,avenue,OK,Qy2yuSG9nfZahp0EyDI03A,2026-04,40.75034525309832,-73.97883577613956,4,2026,True,3.690504278752026,29
Park_Ave_East_024,40.750533,-73.978705,Park_Ave_East,avenue,OK,pCRLF446XMkKqywK3mot_g,2026-04,40.7505034119034,-73.97871265081525,4,2026,True,3.3525748601474414,29
Park_Ave_East_025,40.750807,-73.978486,Park_Ave_East,avenue,OK,GlGDWEKb4yUoSSMokAiYlw,2026-04,40.75078931818715,-73.97845716327389,4,2026,True,3.1250906222627193,29
Park_Ave_East_026,40.750964,-73.97837,Park_Ave_East,avenue,OK,g5gjCjVOEWChkWQ85-YOhw,2024-09,40.75097071316441,-73.97835807096307,9,2024,False,1.2517800309606202,29
Park_Ave_East_027,40.751122,-73.978256,Park_Ave_East,avenue,OK,KZtpyQqXvUjjkc_zl66Qpw,2024-07,40.75110865988876,-73.97825772313203,7,2024,False,1.4904373994310904,29
Park_Ave_East_028,40.75128,-73.978142,Park_Ave_East,avenue,OK,nmao-iaqH5YVKmM5GF61Qg,2024-09,40.7512462969509,-73.97815997586467,9,2024,False,4.041955133753692,29
tunnel_approach_street_001,40.744502,-73.975202,tunnel_approach_street,mid_block,OK,6zAkCBSpU3M99ZZXtIStTA,2026-04,40.74450247487223,-73.97520771595362,4,2026,True,0.48442323316051167,119
tunnel_approach_street_002,40.744666,-73.975103,tunnel_approach_street,mid_block,OK,Uezmj67xluIzkiqX9zGqAQ,2026-04,40.74467679199704,-73.97511122262608,4,2026,True,1.3855977568978062,119
tunnel_approach_street_003,40.744826,-73.974995,tunnel_approach_street,mid_block,OK,2Ghb6OkMc5bt25lTNDfJiQ,2026-04,40.7448363022001,-73.9749991252982,4,2026,True,1.1971083044290252,119
tunnel_approach_street_004,40.744984,-73.974882,tunnel_approach_street,mid_block,OK,zlQ1RQVN6JnIQHMeimfkyw,2026-04,40.7450000655217,-73.97488406853294,4,2026,True,1.7948838212448386,119
tunnel_approach_street_005,40.745143,-73.974769,tunnel_approach_street,mid_block,OK,F106toC2b2kwsUMtqssyWw,2026-04,40.74519557264246,-73.97477860724419,4,2026,True,5.901571967843306,119
tunnel_approach_street_006,40.745301,-73.974656,tunnel_approach_street,mid_block,OK,yFY5Olb08EaDewr2zfOhYg,2026-04,40.74531765145256,-73.9746540444741,4,2026,True,1.8588713683093752,119
tunnel_approach_street_007,40.745461,-73.974546,tunnel_approach_street,mid_block,OK,4TvHYHozjXp6GAu4AhwgsA,2026-04,40.7454749083094,-73.97455423277938,4,2026,True,1.694928996504249,119
tunnel_approach_street_008,40.74562,-73.974435,tunnel_approach_street,mid_block,OK,mN-VW6LAzthU37Uk2xmhKg,2026-04,40.74563817279811,-73.97444258351777,4,2026,True,2.1193065811830927,119
tunnel_approach_street_009,40.745778,-73.974322,tunnel_approach_street,mid_block,OK,LMyv0fmBA75Ki8i0-uIQbg,2026-04,40.74580573352669,-73.97435694086755,4,2026,True,4.263128375819537,119
tunnel_approach_street_010,40.746458,-73.973556,tunnel_approach_street,mid_block,OK,eDRB_ofdhGNs29yweu_UKA,2026-04,40.74646634291531,-73.9735453515575,4,2026,True,1.2904640924955926,119
tunnel_approach_street_011,40.746616,-73.973442,tunnel_approach_street,mid_block,OK,S4TVHlHbrYDNl36JF9napg,2026-04,40.74662628681087,-73.97342787260035,4,2026,True,1.6506810374857017,119
tunnel_approach_street_012,40.746775,-73.973329,tunnel_approach_street,mid_block,OK,KhIQWwac53i57_yxIszU1w,2026-04,40.74678806161717,-73.97330895871266,4,2026,True,2.2270620512308694,119
tunnel_approach_street_013,40.746931,-73.973212,tunnel_approach_street,mid_block,OK,zGpITbm_5nOQqrx7AtFYKw,2026-04,40.74694512877431,-73.97319246607725,4,2026,True,2.2750971776820568,119
tunnel_approach_street_014,40.747089,-73.973096,tunnel_approach_street,mid_block,OK,qaKyGpgW-tvzEjfbEUBTFg,2026-04,40.74710288645856,-73.97307606305013,4,2026,True,2.2814490156096423,119
tunnel_approach_street_015,40.747246,-73.972981,tunnel_approach_street,mid_block,OK,3BODPAq_Rnj-6WhKBvgM2g,2026-04,40.74726424713161,-73.9729584941277,4,2026,True,2.77691991606699,119
tunnel_approach_street_016,40.747403,-73.972865,tunnel_approach_street,mid_block,OK,a3lnysQM1vcaJ9j53VypIg,2026-04,40.74742658605208,-73.97284038706009,4,2026,True,3.3432498514245546,119
tunnel_approach_street_017,40.74756,-73.972749,tunnel_approach_street,mid_block,OK,yZ-3BX_7ZWQBpcZHoNsgAg,2026-04,40.74759864532062,-73.97273976731435,4,2026,True,4.366982280997294,119
tunnel_approach_street_018,40.747718,-73.972635,tunnel_approach_street,mid_block,OK,XradH4r1dAvc3DcPVHthiA,2026-04,40.74776685427548,-73.97262372272944,4,2026,True,5.514789228387834,119
tunnel_approach_street_019,40.747876,-73.97252,tunnel_approach_street,mid_block,OK,nEZR_V8aBE-MgRejKJSsXA,2026-04,40.74785042881525,-73.97255825705176,4,2026,True,4.297806260906423,119
tunnel_approach_street_020,40.748033,-73.972406,tunnel_approach_street,mid_block,OK,C2DY5IH4XjNl2f2knp9PHQ,2026-04,40.74800752870292,-73.97243512771001,4,2026,True,3.7473353509743443,119
tunnel_approach_street_021,40.748191,-73.972292,tunnel_approach_street,mid_block,OK,lIYgiRT6Waj0ytwcBfxzRg,2026-04,40.74815308649116,-73.97232096620333,4,2026,True,4.871036092027328,119
Park_Ave_West_001,40.747059,-73.981501,Park_Ave_West,avenue,OK,43Pi6IRpO9uN5zEqpG0Lrg,2026-04,40.74702844891409,-73.98150756728806,4,2026,True,3.4418793134625782,29
Park_Ave_West_002,40.747217,-73.981388,Park_Ave_West,avenue,OK,me0LIOTPjqW8L-K4OkqJUg,2026-04,40.74719047787912,-73.9813967291374,4,2026,True,3.0394210746565373,29
Park_Ave_West_003,40.747374,-73.981271,Park_Ave_West,avenue,OK,mS8jAvA3V01hcBfOpfPkdg,2026-04,40.74739334808072,-73.98124912418704,4,2026,True,2.8327714965125246,29
Park_Ave_West_004,40.747531,-73.981154,Park_Ave_West,avenue,OK,1mlA5N8Q0teZyEbr4Q9UJw,2026-04,40.74755302544808,-73.98113129123522,4,2026,True,3.107690346877551,29
Park_Ave_West_005,40.747687,-73.981037,Park_Ave_West,avenue,OK,r-Xv4zDp_6-JJFz-zVpTug,2026-04,40.74770967790842,-73.98101552073805,4,2026,True,3.1036768586419594,29
Park_Ave_West_006,40.747845,-73.980922,Park_Ave_West,avenue,OK,DkGnQg4g-gw3rrG4Qb5HKg,2026-04,40.74787141277807,-73.98089679089162,4,2026,True,3.6242967425307984,29
Park_Ave_West_007,40.748002,-73.980806,Park_Ave_West,avenue,OK,wPux7-Ajmh45EEi9PyAwhA,2026-04,40.74801090384134,-73.98079608568494,4,2026,True,1.2952799008989193,29
Park_Ave_West_008,40.748159,-73.98069,Park_Ave_West,avenue,OK,AZj5HR7gVzp8Bv0xDE00QQ,2026-04,40.74817093497812,-73.98068076336207,4,2026,True,1.538390392188555,29
Park_Ave_West_009,40.748316,-73.980574,Park_Ave_West,avenue,OK,NPzWkb6o3CghlJc_ykPpKQ,2026-04,40.74834495538155,-73.98055512831107,4,2026,True,3.5907787288857,29
Park_Ave_West_010,40.748473,-73.980459,Park_Ave_West,avenue,OK,3MynJB90h6Itcu_1ITU-gw,2026-04,40.74848339225962,-73.98045603708157,4,2026,True,1.1822145793434347,29
Park_Ave_West_011,40.748631,-73.980344,Park_Ave_West,avenue,OK,5M8S1k7V93svI-j4m4zyzA,2026-04,40.74862427210261,-73.98035344846075,4,2026,True,1.0923233404961037,29
Park_Ave_West_012,40.748789,-73.980229,Park_Ave_West,avenue,OK,al5TCQNdLtjsg62UPfAj7g,2026-04,40.74876288013066,-73.98025238426764,4,2026,True,3.5094006349076943,29
Park_Ave_West_013,40.748946,-73.980115,Park_Ave_West,avenue,OK,G1eMQdBmPFJ7XN0fOZfixA,2026-04,40.74891917893845,-73.98013840675097,4,2026,True,3.575237745343288,29
Park_Ave_West_014,40.749103,-73.979999,Park_Ave_West,avenue,OK,FFaZu_KulNmFxEtY96U3YQ,2026-04,40.74910934272323,-73.97999376012778,4,2026,True,0.8320162816116362,29
Park_Ave_West_015,40.749261,-73.979883,Park_Ave_West,avenue,OK,Dfh1tDLmohRIlccHju5AZQ,2026-04,40.74929369462173,-73.97985915706575,4,2026,True,4.153397537419486,29
Park_Ave_West_016,40.749418,-73.979768,Park_Ave_West,avenue,OK,9mDvEBF7-dgVwdA3U8y63Q,2026-04,40.74942899995865,-73.97976033450449,4,2026,True,1.3831246048817682,29
Park_Ave_West_017,40.749575,-73.979653,Park_Ave_West,avenue,OK,MfA_X78e8N5M4bICxUUKKw,2026-04,40.74958296202528,-73.97964797085908,4,2026,True,0.981476345095876,29
Park_Ave_West_018,40.749733,-73.979538,Park_Ave_West,avenue,OK,ON6zBVH9EX7zHyAyjpb6GQ,2026-04,40.74971460401801,-73.97955255586838,4,2026,True,2.384886871411889,29
Park_Ave_West_019,40.749891,-73.979424,Park_Ave_West,avenue,OK,LB3NE5BmisRvHS_BepBv3g,2026-04,40.7498530474304,-73.97945301574303,4,2026,True,4.876854614566077,29
Park_Ave_West_020,40.750049,-73.97931,Park_Ave_West,avenue,OK,TTFAqa-_zpknnUzDw5DQnA,2026-04,40.75001339547045,-73.97933679585582,4,2026,True,4.557304748746794,29
Park_Ave_West_021,40.750207,-73.979196,Park_Ave_West,avenue,OK,9nWLi7Uo3Nn4QZLnTcwGmQ,2026-04,40.75021242525675,-73.97919304538884,4,2026,True,0.6525864428016198,29
Park_Ave_West_022,40.750366,-73.979085,Park_Ave_West,avenue,OK,dIOgegN969MqybRwb7vCIQ,2026-04,40.75034880903158,-73.97909493989303,4,2026,True,2.086887401244094,29
Park_Ave_West_023,40.750524,-73.978971,Park_Ave_West,avenue,OK,edpBcuvxP4eMgq7fno4fWg,2026-04,40.75048976672218,-73.97899082605342,4,2026,True,4.156816716411683,29
Park_Ave_West_024,40.750682,-73.978858,Park_Ave_West,avenue,OK,KDeqBEXZcS1JUxjF3hx90g,2026-04,40.75065314254892,-73.978869404674,4,2026,True,3.3495278804100708,29
Park_Ave_West_025,40.750835,-73.978737,Park_Ave_West,avenue,OK,pumU2xxURdjyphbZK2maig,2026-04,40.75081238739694,-73.97874968706458,4,2026,True,2.732102912671479,29
Park_Ave_West_026,40.751042,-73.978616,Park_Ave_West,avenue,OK,DhexN-k0OoCxKA8Up9LYjQ,2024-07,40.75107707256889,-73.97859374019414,7,2024,False,4.3272476977692715,29
Park_Ave_West_027,40.751199,-73.9785,Park_Ave_West,avenue,OK,T1ZWyuHQCjr7KF3yIhTSUQ,2024-07,40.75115962463719,-73.97853222230248,7,2024,False,5.151422245750567,29
Park_Ave_West_028,40.751356,-73.978385,Park_Ave_West,avenue,OK,_dG0QcfE9v0TbgEUM0507w,2024-07,40.75132445214679,-73.9784093658127,7,2024,False,4.064287002256672,29
Park_Ave_West_029,40.751513,-73.978269,Park_Ave_West,avenue,OK,03adPYSS-9RFJd85ta395A,2026-04,40.75149706550049,-73.97822561898914,4,2026,True,4.061123694026774,29
Tunnel_Exit_Street_001,40.745437,-73.977308,Tunnel_Exit_Street,mid_block,OK,f_exQ_6vZTaR6zR_eE7lrQ,2023-05,40.74546769710812,-73.97728661527722,5,2023,False,3.859599163283089,119
Tunnel_Exit_Street_002,40.745593,-73.977189,Tunnel_Exit_Street,mid_block,OK,5zJ4KmGYeRBA0EY7Zz3pFg,2023-05,40.74556963143814,-73.97720491967493,5,2023,False,2.924145727612408,119
Tunnel_Exit_Street_003,40.745745,-73.977063,Tunnel_Exit_Street,mid_block,OK,8r51w3vqGW-snLd05haDXA,2023-05,40.74572153321245,-73.97708224169108,5,2023,False,3.0718821599428847,119
Tunnel_Exit_Street_004,40.745893,-73.976927,Tunnel_Exit_Street,mid_block,OK,iw_mIaQY-P432SCzmF0S0g,2023-05,40.74588214815667,-73.97693651664511,5,2023,False,1.4487188081196014,119
Tunnel_Exit_Street_005,40.746038,-73.976788,Tunnel_Exit_Street,mid_block,OK,9bTYqTOub_YrMD5CsMCIUA,2026-04,40.74603757165161,-73.97678343797024,4,2026,True,0.38725661526005195,119
Tunnel_Exit_Street_006,40.747299,-73.975834,Tunnel_Exit_Street,mid_block,OK,OA_b1wdPARfVAfChpaD-jA,2026-04,40.74731475191535,-73.97582667107298,4,2026,True,1.8571602615862959,119
Tunnel_Exit_Street_007,40.747458,-73.975721,Tunnel_Exit_Street,mid_block,OK,UuD-75lVAWXXPZarFwRdJQ,2026-04,40.7474759232768,-73.97571304964349,4,2026,True,2.1025019488876793,119
Tunnel_Exit_Street_008,40.747616,-73.975608,Tunnel_Exit_Street,mid_block,OK,mTrRTvMP3dfXsCJCNNLu1w,2026-04,40.74763450087352,-73.97560346363923,4,2026,True,2.092395746611222,119
Tunnel_Exit_Street_009,40.747777,-73.975501,Tunnel_Exit_Street,mid_block,OK,KhuFDidB5zjM9EFLw6XEtg,2026-04,40.7477940175359,-73.97549253240771,4,2026,True,2.0222450734588113,119
Tunnel_Exit_Street_010,40.747937,-73.975392,Tunnel_Exit_Street,mid_block,OK,-lrj8oxmhKb412kuYRmXAg,2026-04,40.74795397548677,-73.97537622044953,4,2026,True,2.3086673275949665,119
Tunnel_Exit_Street_011,40.748094,-73.975277,Tunnel_Exit_Street,mid_block,OK,lNXZ7eak8s6O5DcBeaECSQ,2026-04,40.74811664452776,-73.97525883228782,4,2026,True,2.9465852608153984,119
Tunnel_Exit_Street_012,40.748251,-73.975161,Tunnel_Exit_Street,mid_block,OK,C6vSBJXvkr_ChnQlQ-QCGw,2026-04,40.74827232308448,-73.97514583826774,4,2026,True,2.6931424251639338,119
Tunnel_Exit_Street_013,40.748409,-73.975046,Tunnel_Exit_Street,mid_block,OK,UlGi-37a4CbL1uEHnGc50g,2026-04,40.74843278115811,-73.97502934674422,4,2026,True,2.9934214629389926,119
Tunnel_Exit_Street_014,40.748566,-73.97493,Tunnel_Exit_Street,mid_block,OK,DKwsDRmI4KT6S3fGtU3X2g,2026-04,40.74858855714948,-73.9749154558101,4,2026,True,2.791480446713693,119
Tunnel_Exit_Street_015,40.748723,-73.974815,Tunnel_Exit_Street,mid_block,OK,rgIRXA9l-Oqz3SThUgW0-Q,2026-04,40.7487518202072,-73.97479483895991,4,2026,True,3.6268758517723825,119
Tunnel_Exit_Street_016,40.748881,-73.974699,Tunnel_Exit_Street,mid_block,OK,mT-ETG1UTtQ4ePjM-R0wxg,2026-04,40.74891434246585,-73.9746748497804,4,2026,True,4.228992242194408,119
Tunnel_Exit_Street_017,40.749038,-73.974584,Tunnel_Exit_Street,mid_block,OK,ZFJpxkcXtQYcKWagxTKcHQ,2026-04,40.74907092975037,-73.97455925475268,4,2026,True,4.21338684477661,119
Tunnel_Exit_Street_018,40.749195,-73.974469,Tunnel_Exit_Street,mid_block,OK,W0wa4Q-4HYDIM3stpA0WsA,2026-04,40.74922851116219,-73.97444482547145,4,2026,True,4.246423964452888,119
Tunnel_Exit_Street_019,40.749353,-73.974355,Tunnel_Exit_Street,mid_block,OK,9jqBnqrxM6cMsEgeK94Yzg,2026-04,40.74939059797627,-73.97432815416715,4,2026,True,4.753148112473543,119
Tunnel_Exit_Street_020,40.749511,-73.974241,Tunnel_Exit_Street,mid_block,OK,g-IUL3zdz1v-O2vhPPQN6w,2026-04,40.74947457155563,-73.97426815944125,4,2026,True,4.652109705392728,119
Tunnel_Exit_Street_021,40.749669,-73.974127,Tunnel_Exit_Street,mid_block,OK,vjpZuROuDPWw3dNRJFQPeA,2026-04,40.74963299526547,-73.97415489580459,4,2026,True,4.642230933749916,119
east_34th_street_001,40.747805,-73.983036,east_34th_street,mid_block,OK,xafjbRtNoCmIfGPkeE3nHw,2026-04,40.74779214113599,-73.98300468313232,4,2026,True,3.0007028204141166,119
east_34th_street_002,40.747715,-73.982831,east_34th_street,mid_block,OK,aib_i5EsLNeEKj-8GtHpqA,2026-04,40.74770950837875,-73.98281609829255,4,2026,True,1.3959656617043161,119
east_34th_street_003,40.747627,-73.982624,east_34th_street,mid_block,OK,5vc4ZqCXHXTAHYBNdV3DPw,2026-04,40.74761723287302,-73.98260419794026,4,2026,True,1.9905236057824138,119
east_34th_street_004,40.747534,-73.982422,east_34th_street,mid_block,OK,Rq54Ci7IlQN3LLfDlmxoWA,2026-04,40.74752795883913,-73.98239857456504,4,2026,True,2.084570654361872,119
east_34th_street_005,40.747445,-73.982215,east_34th_street,mid_block,OK,4-H-RhxzTBPfdZo7nULGAQ,2026-04,40.74743990227678,-73.9821925025971,4,2026,True,1.978149042138027,119
east_34th_street_006,40.747358,-73.982009,east_34th_street,mid_block,OK,xs_ippcxMs0av2Yz7_KiMw,2026-04,40.74734588542461,-73.98197737327034,4,2026,True,2.9854478508263522,119
east_34th_street_007,40.74727,-73.981802,east_34th_street,mid_block,OK,Vuv8bnIVAAJJZzYAX009xA,2026-04,40.74725337781026,-73.98176331979954,4,2026,True,3.746163472663541,119
east_34th_street_008,40.747183,-73.981594,east_34th_street,mid_block,OK,mjnRQAvv2kN8ga0vMvus2g,2026-04,40.74715837590653,-73.98154603779629,4,2026,True,4.880752072290531,119
east_34th_street_009,40.747096,-73.981386,east_34th_street,mid_block,OK,O6I5LHBMTxflbZb3whSJUQ,2026-04,40.74708650410748,-73.98136211462095,4,2026,True,2.2723513953180685,119
east_34th_street_010,40.74701,-73.981179,east_34th_street,mid_block,OK,VgZKtKbDBuuRLEjIcSZo0A,2026-04,40.7470071118867,-73.98118150924482,4,2026,True,0.3844676988434976,119
east_34th_street_011,40.746922,-73.980972,east_34th_street,mid_block,OK,oV1ZciKpGc6SAWQ4U540oA,2026-04,40.7469240686582,-73.98098368608099,4,2026,True,1.0109667777231144,119
east_34th_street_012,40.746835,-73.980764,east_34th_street,mid_block,OK,5OqAkeoByImMuZuT2jPveg,2026-04,40.74683393093087,-73.9807682863755,4,2026,True,0.38015450017501456,119
east_34th_street_013,40.746748,-73.980557,east_34th_street,mid_block,OK,UL0UWicZ6OZLTJVN_ir0bw,2026-04,40.74674439109508,-73.98055710116759,4,2026,True,0.40138240669333236,119
east_34th_street_014,40.746661,-73.98035,east_34th_street,mid_block,OK,lZRiGoXb2WAjzzkw3fvzTA,2026-04,40.74665839232739,-73.9803517446283,4,2026,True,0.3250800692477426,119
east_34th_street_015,40.746573,-73.980143,east_34th_street,mid_block,OK,crKkOvYb8DQTvsXwBIQykw,2026-04,40.74656934607726,-73.98014298020101,4,2026,True,0.4063010944354649,119
east_34th_street_016,40.746486,-73.979935,east_34th_street,mid_block,OK,yocR-PHEFtTH3bquJSYx6w,2026-04,40.74648050674654,-73.97993089755025,4,2026,True,0.7018128843337073,119
east_34th_street_017,40.7464,-73.979727,east_34th_street,mid_block,OK,3qXV_ebiOkxVN1TwoXAayg,2026-04,40.74638389400145,-73.97975486428865,4,2026,True,2.9525170389691806,119
east_34th_street_018,40.74632,-73.979515,east_34th_street,mid_block,OK,lweXJwU9ljQsg785GEvnmQ,2026-04,40.74632261440679,-73.97953937353043,4,2026,True,2.0737535793786375,119
east_34th_street_019,40.74624,-73.979303,east_34th_street,mid_block,OK,FFfUbH0lbp8qaPRUW1-Ylw,2026-04,40.74623672796426,-73.97933482298674,4,2026,True,2.705413229958639,119
east_34th_street_020,40.746153,-73.979096,east_34th_street,mid_block,OK,p29lMy99J9TIxzs5UGglPg,2026-04,40.74614790051613,-73.97912336717621,4,2026,True,2.374180972981776,119
east_34th_street_021,40.746066,-73.978888,east_34th_street,mid_block,OK,4XTDCB632IIH7bHMXhlKsA,2026-04,40.74605139848746,-73.97889343786302,4,2026,True,1.6870023805128636,119
east_34th_street_022,40.745979,-73.978681,east_34th_street,mid_block,OK,fYu2Dl9HLJlQmJ8Tq7_g1g,2026-04,40.7459621156662,-73.97868090545302,4,2026,True,1.8774691528325544,119
east_34th_street_023,40.745892,-73.978474,east_34th_street,mid_block,OK,L86mjTn_Z3CM5bIfl75ghg,2026-04,40.74586717731907,-73.97845456266185,4,2026,True,3.2093162913026343,119
east_34th_street_024,40.745804,-73.978266,east_34th_street,mid_block,OK,67QMA_qbk_gqIZh2oXmTLw,2026-04,40.74577277886963,-73.97822830928065,4,2026,True,4.704669998603083,119
east_34th_street_025,40.745709,-73.978066,east_34th_street,mid_block,OK,12K3skdY-PyC2syZFUygsA,2026-04,40.74571840946512,-73.97813423873188,4,2026,True,5.843062110426102,119
east_34th_street_026,40.745619,-73.977861,east_34th_street,mid_block,OK,bwNQoPS89yjdo15l9QtDxQ,2026-04,40.74562939147597,-73.97788323424928,4,2026,True,2.2008077304930116,119
east_34th_street_027,40.745533,-73.977652,east_34th_street,mid_block,OK,2bTUsFPec0GPmO6KORwckg,2026-04,40.74554224214992,-73.9776772471176,4,2026,True,2.362160855863201,119
east_34th_street_028,40.745447,-73.977444,east_34th_street,mid_block,OK,dq_tYL9t5OyHYQTuEscM2w,2026-04,40.74545093018715,-73.9774562837498,4,2026,True,1.1233164307615542,119
east_34th_street_029,40.74536,-73.977237,east_34th_street,mid_block,OK,8kTECM62TXyrLqLPbWNYwg,2026-04,40.74536181059761,-73.97723218143851,4,2026,True,0.4531155657781522,119
east_34th_street_030,40.745273,-73.97703,east_34th_street,mid_block,OK,rkA_0asxvHN-jfSa0ONPrQ,2026-04,40.74527205274445,-73.9770163291455,4,2026,True,1.1564854687280743,119
east_34th_street_031,40.745186,-73.976822,east_34th_street,mid_block,OK,Eely9JsE4ADI6p_kwTfV9g,2026-04,40.74518836788234,-73.97681617009314,4,2026,True,0.5572569744267408,119
east_34th_street_032,40.745099,-73.976615,east_34th_street,mid_block,OK,dwvFr1EmSn3hAz9BCpfbKw,2026-04,40.74509779148419,-73.97659986894757,4,2026,True,1.281757983463921,119
east_34th_street_033,40.745011,-73.976408,east_34th_street,mid_block,OK,HDj1LhmlcITa6nkX2aw-Sg,2026-04,40.74500681375382,-73.97639083141536,4,2026,True,1.5194060425681581,119
east_34th_street_034,40.744924,-73.9762,east_34th_street,mid_block,OK,0JjPQDMMmZkAfVx_A0UVWQ,2026-04,40.74491752777731,-73.97618627752277,4,2026,True,1.3617456379990447,119
east_34th_street_035,40.744837,-73.975993,east_34th_street,mid_block,OK,K0ghbrLFDmmfjm5cMFeIwg,2026-04,40.7448257146815,-73.97597454921812,4,2026,True,1.9976871566180037,119
east_34th_street_036,40.744749,-73.975787,east_34th_street,mid_block,OK,y2pyLP05yjiP0OTwL_oKjw,2026-04,40.74474262613573,-73.97577860392552,4,2026,True,1.0013065522964604,119
east_34th_street_037,40.744661,-73.97558,east_34th_street,mid_block,OK,bIpdk0HHzCjdfQbgQZlNqQ,2026-04,40.74463973943223,-73.97553243896158,4,2026,True,4.65217982874893,119
east_34th_street_038,40.744573,-73.975373,east_34th_street,mid_block,OK,m4ncSSbDDXPPzoZ09PUzwQ,2026-04,40.74459362911775,-73.97542222511062,4,2026,True,4.739072669971767,119
east_34th_street_039,40.744486,-73.975166,east_34th_street,mid_block,OK,6zAkCBSpU3M99ZZXtIStTA,2026-04,40.74450247487223,-73.97520771595362,4,2026,True,3.9631402124231587,119
east_34th_street_040,40.744398,-73.974959,east_34th_street,mid_block,OK,xXYoNUbMCxk1MYXtqFeRkQ,2026-04,40.74440961060124,-73.97499284784591,4,2026,True,3.1301440278679658,119
east_34th_street_041,40.744311,-73.974752,east_34th_street,mid_block,OK,qpU0LeqIP4qUr-_yjOvAkg,2026-04,40.74431841507361,-73.97477699304034,4,2026,True,2.2612121316507574,119
east_34th_street_042,40.744224,-73.974544,east_34th_street,mid_block,OK,9NeXL0MZ2thl3t6hiCa83A,2026-04,40.7442301079505,-73.97456714642475,4,2026,True,2.0648568479904146,119
east_34th_street_043,40.744137,-73.974337,east_34th_street,mid_block,OK,rcxUTBgPvH3o5uYUWi3HQg,2026-04,40.7441427845518,-73.9743594518568,4,2026,True,1.9978274732207084,119
east_34th_street_044,40.744049,-73.97413,east_34th_street,mid_block,OK,3eWIoBdCMzxruPv702jayg,2026-04,40.74404877087748,-73.97413597368619,4,2026,True,0.5038972061503598,119
east_34th_street_045,40.743962,-73.973923,east_34th_street,mid_block,OK,nWIa5MKRQVSDDF427pVp6g,2026-04,40.74395961611632,-73.97392388441187,4,2026,True,0.27534796778534476,119
east_34th_street_046,40.743874,-73.973716,east_34th_street,mid_block,OK,zrhWEEqtflYRdela2xo7fA,2026-04,40.74388125321227,-73.97373735327129,4,2026,True,1.9714334418024322,119
east_34th_street_047,40.743787,-73.973509,east_34th_street,mid_block,OK,BhSC6bJZ99-S_S-iRINXEA,2026-04,40.74378944434279,-73.97351773055723,4,2026,True,0.78412144305279,119
east_35th_street_001,40.748406,-73.982419,east_35th_street,mid_block,OK,MBRi_o7iTfo2z8NYp0RVkQ,2026-04,40.74839746495049,-73.98238790330667,4,2026,True,2.7861865095866833,119
east_35th_street_002,40.748319,-73.982212,east_35th_street,mid_block,OK,RuZrY5HKjmspakcC2pgdmg,2026-04,40.74830932575771,-73.98217752694939,4,2026,True,3.096831327224022,119
east_35th_street_003,40.748233,-73.982004,east_35th_street,mid_block,OK,B0zFmBPa0_8g2EIS0S5ehw,2026-04,40.7482204164949,-73.98196544654363,4,2026,True,3.5363208037913556,119
east_35th_street_004,40.748147,-73.981796,east_35th_street,mid_block,OK,sie_DAIVYjgD62b48M74sQ,2026-04,40.74813285696109,-73.98175650451965,4,2026,True,3.680040655120965,119
east_35th_street_005,40.748061,-73.981588,east_35th_street,mid_block,OK,LxtQW1WJBumGNNS2QnbqCw,2026-04,40.7480432270545,-73.98154254047768,4,2026,True,4.309374085140681,119
east_35th_street_006,40.747974,-73.98138,east_35th_street,mid_block,OK,NGf9iHbjgmEZ2nAzutqbOg,2026-04,40.74795325590843,-73.98132776912307,4,2026,True,4.967890527377955,119
east_35th_street_007,40.747888,-73.981172,east_35th_street,mid_block,OK,UxlG92VlS6L5pp3axNqp6g,2026-04,40.74790802438932,-73.98121997981832,4,2026,True,4.614555243558418,119
east_35th_street_008,40.747801,-73.980964,east_35th_street,mid_block,OK,QwHq90wqhtdue7BGHHYn6w,2026-04,40.74779141137967,-73.98095561777335,4,2026,True,1.2788279333692567,119
east_35th_street_009,40.747714,-73.980757,east_35th_street,mid_block,OK,fI9z_Fgin-52mdhtirX6YQ,2026-04,40.74775399925056,-73.98074254959187,4,2026,True,4.611289564036244,119
east_35th_street_010,40.747626,-73.98055,east_35th_street,mid_block,OK,P0kWaivjxQwphlqFr0bpYw,2026-04,40.74763924300819,-73.98057835421176,4,2026,True,2.806008560358277,119
east_35th_street_011,40.747539,-73.980343,east_35th_street,mid_block,OK,emcNdxRcv7r0RKO3vh4tpQ,2026-04,40.74755202106891,-73.98037021775826,4,2026,True,2.7117246094398353,119
east_35th_street_012,40.747452,-73.980136,east_35th_street,mid_block,OK,aPo9mBUQbjhXeIsNNkhNlQ,2026-04,40.747464053494,-73.98016001854334,4,2026,True,2.426986023334274,119
east_35th_street_013,40.747364,-73.979929,east_35th_street,mid_block,OK,C-VeaCHYIkxcPQV5NcbXqg,2026-04,40.7473754803263,-73.97994874299161,4,2026,True,2.0965933799060714,119
east_35th_street_014,40.747277,-73.979721,east_35th_street,mid_block,OK,Q488lbtXMon0WD1YYb2PnQ,2026-04,40.747285543652,-73.9797342388832,4,2026,True,1.4650300229248712,119
east_35th_street_015,40.747189,-73.979514,east_35th_street,mid_block,OK,wlqmz-RzIXUQv9CDUSbkAQ,2026-04,40.747200856883,-73.97953228914434,4,2026,True,2.027803019850536,119
east_35th_street_016,40.747102,-73.979307,east_35th_street,mid_block,OK,ngKWcBQzxax6lcZJtijWYA,2026-04,40.74711325098798,-73.97932836632422,4,2026,True,2.191996931048349,119
east_35th_street_017,40.747015,-73.9791,east_35th_street,mid_block,OK,udoO96N95vD7HWyw29mqBw,2026-04,40.74701955319141,-73.97911233703213,4,2026,True,1.1560478289441347,119
east_35th_street_018,40.746927,-73.978893,east_35th_street,mid_block,OK,h-pJb30jgQmdAFCrqRPqmw,2026-04,40.74693135902722,-73.97891011761185,4,2026,True,1.521291192637043,119
east_35th_street_019,40.74684,-73.978685,east_35th_street,mid_block,OK,c5_f2HvHgbqqojKVttTzGg,2026-04,40.74684002474356,-73.97869534331615,4,2026,True,0.8713396308430582,119
east_35th_street_020,40.746753,-73.978478,east_35th_street,mid_block,OK,LHNwh9u3UcnNbEVaB4ENig,2026-04,40.74675196825103,-73.97848666676651,4,2026,True,0.7390601554758265,119
east_35th_street_021,40.746666,-73.978271,east_35th_street,mid_block,OK,uPotSN8x8DcK3vdDANHsIQ,2026-04,40.74665873710864,-73.97826597335782,4,2026,True,0.9118795694613578,119
east_35th_street_022,40.746579,-73.978063,east_35th_street,mid_block,OK,TK0G6Vs8ZOZHtNQAzGSA7g,2026-04,40.74657207941971,-73.97805335057784,4,2026,True,1.1193578351778801,119
east_35th_street_023,40.746492,-73.977856,east_35th_street,mid_block,OK,uzI9paD6B-nX3E789evjZA,2026-04,40.74648546912626,-73.97783947209088,4,2026,True,1.5703441799869653,119
east_35th_street_024,40.746405,-73.977649,east_35th_street,mid_block,OK,EFOoQq4kAVLIloLqGIKVqA,2026-04,40.7463859079319,-73.97764747447083,4,2026,True,2.1268273784005864,119
east_35th_street_025,40.746317,-73.977442,east_35th_street,mid_block,OK,ZBkMIntALvr7faUzc_eCBA,2026-04,40.74630996353875,-73.97742005434222,4,2026,True,2.007497349253798,119
east_35th_street_026,40.746228,-73.977235,east_35th_street,mid_block,OK,mUD035JR0rd6EdhawMjq4Q,2026-04,40.74621541309801,-73.97720070486247,4,2026,True,3.210258453611078,119
east_35th_street_027,40.74614,-73.977029,east_35th_street,mid_block,OK,10yKHxaXZaPolSPTCDlTxw,2026-04,40.74612899445155,-73.97699615183112,4,2026,True,3.025725170003941,119
east_35th_street_028,40.746052,-73.976823,east_35th_street,mid_block,OK,9bTYqTOub_YrMD5CsMCIUA,2026-04,40.74603757165161,-73.97678343797024,4,2026,True,3.6988544901816884,119
east_35th_street_029,40.745968,-73.976613,east_35th_street,mid_block,OK,BYmhcxgXbR30CaG22hRL9g,2026-04,40.74594702607255,-73.97657637353488,4,2026,True,3.867747696817368,119
east_35th_street_030,40.745881,-73.976406,east_35th_street,mid_block,OK,qOVBPhHAueOV8uEdj9LJyQ,2026-04,40.74585763426488,-73.97636841210412,4,2026,True,4.095989350748152,119
east_35th_street_031,40.745794,-73.976198,east_35th_street,mid_block,OK,-piZCTNJJPYO3XRrl4NcsA,2026-04,40.7457657917708,-73.97615381432473,4,2026,True,4.867649811983067,119
east_35th_street_032,40.745706,-73.975991,east_35th_street,mid_block,OK,WB5dLuo30b5CCxXZIq_XDQ,2026-04,40.74571985985968,-73.97604431824895,4,2026,True,4.7487171159709805,119
east_35th_street_033,40.745619,-73.975784,east_35th_street,mid_block,OK,uLtLUviXUcpshqfe0L6YuQ,2026-04,40.74562371615701,-73.97581483364225,4,2026,True,2.6499245111302105,119
east_35th_street_034,40.745532,-73.975577,east_35th_street,mid_block,OK,Q0Rs53OUSXKwYdW0cdzbMA,2026-04,40.7455351512485,-73.97559996621254,4,2026,True,1.9662184194387025,119
east_35th_street_035,40.745444,-73.97537,east_35th_street,mid_block,OK,etyitxvPN55trfnsvEXFpg,2026-04,40.74547154703028,-73.97538249788931,4,2026,True,3.2389871166632895,119
east_35th_street_036,40.745357,-73.975163,east_35th_street,mid_block,OK,BJwJvNaggHuYyxyAYadRlg,2026-04,40.74537063244775,-73.97520170754152,4,2026,True,3.595965363378184,119
east_35th_street_037,40.745269,-73.974956,east_35th_street,mid_block,OK,zZUKiH74uIYXwNz4PPSEDQ,2026-04,40.74528427647184,-73.97499284784591,4,2026,True,3.5385648295292107,119
east_35th_street_038,40.745182,-73.974749,east_35th_street,mid_block,OK,F106toC2b2kwsUMtqssyWw,2026-04,40.74519557264246,-73.97477860724419,4,2026,True,2.9152755006492983,119
east_35th_street_039,40.745094,-73.974541,east_35th_street,mid_block,OK,Zj9aRWogaypQuG0wiWmSmA,2026-04,40.74510696057754,-73.9745666083562,4,2026,True,2.5944228405203185,119
east_35th_street_040,40.745007,-73.974334,east_35th_street,mid_block,OK,yIZylFnN8QAgS-5lPggu-Q,2026-04,40.74501807401323,-73.9743558647293,4,2026,True,2.2156533652638957,119
east_35th_street_041,40.744919,-73.974127,east_35th_street,mid_block,OK,iDkq1YoJB6Y0o9xDQiTBuA,2026-04,40.744928235492,-73.97414691443734,4,2026,True,1.9670220808412662,119
east_35th_street_042,40.744832,-73.97392,east_35th_street,mid_block,OK,3pveiKT3d0EEtdaOnEFyPQ,2026-04,40.74483704600441,-73.97393482517508,4,2026,True,1.3691788127658626,119
east_35th_street_043,40.744744,-73.973713,east_35th_street,mid_block,OK,GLCg1IGTFaM3l3oiQYDarw,2026-04,40.74475064762085,-73.97373152417025,4,2026,True,1.7267624758909683,119
east_35th_street_044,40.744657,-73.973506,east_35th_street,mid_block,OK,L15CyTMg1wDO0A-ZAu9exQ,2026-04,40.74466319048756,-73.97352024155742,4,2026,True,1.3832099464668097,119
east_35th_street_045,40.744569,-73.973299,east_35th_street,mid_block,OK,CIqg5MLDMBO8arqpni1C2w,2026-04,40.74457386425447,-73.97330429542144,4,2026,True,0.7011167815803365,119
east_35th_street_046,40.744479,-73.973094,east_35th_street,mid_block,OK,iCMIs3Xr8D5B0zo0KNHGmg,2026-04,40.74449947482472,-73.97312610380538,4,2026,True,3.5352535312270885,119
east_35th_street_047,40.744389,-73.972889,east_35th_street,mid_block,OK,cDrKhT8HX8ZpqDZrfi9clw,2026-04,40.74437564423597,-73.97283868316109,4,2026,True,4.491538511623419,119
east_36th_street_001,40.749097,-73.982122,east_36th_street,mid_block,OK,rLNYC6hde-pr_DDNxJr9VQ,2026-04,40.74908153747253,-73.98209386058471,4,2026,True,2.9283248193879605,119
east_36th_street_002,40.749009,-73.981914,east_36th_street,mid_block,OK,TVob8NQSb2LNtZMF_IizNw,2026-04,40.74902496117514,-73.98195872094554,4,2026,True,4.164366848443791,119
east_36th_street_003,40.748922,-73.981707,east_36th_street,mid_block,OK,CeMd1iqNlSbf3n9W5UaR2A,2026-04,40.74893695572402,-73.98174610224986,4,2026,True,3.6899197665882375,119
east_36th_street_004,40.748834,-73.9815,east_36th_street,mid_block,OK,NjuyuSRwEngxrVw7oDsqjQ,2026-04,40.74884566872551,-73.98152577128242,4,2026,True,2.5291320398877444,119
east_36th_street_005,40.748747,-73.981293,east_36th_street,mid_block,OK,uOzqdD7qFaifoAyt83UwMQ,2026-04,40.74875377039398,-73.98130804063587,4,2026,True,1.4737932388652868,119
east_36th_street_006,40.74866,-73.981086,east_36th_street,mid_block,OK,FDwMIs1h-5laL0SdBMtb3A,2026-04,40.74866839553771,-73.98110546482516,4,2026,True,1.8868257865555413,119
east_36th_street_007,40.748572,-73.980879,east_36th_street,mid_block,OK,BbED4k4_Hy0a1_2o-T1aiA,2026-04,40.74857589010886,-73.98088611954987,4,2026,True,0.7394610666409515,119
east_36th_street_008,40.748485,-73.980672,east_36th_street,mid_block,OK,kF6MBRMJpRABV1y452ltdA,2026-04,40.74848497429522,-73.98067054038454,4,2026,True,0.12299020443543943,119
east_36th_street_009,40.748397,-73.980464,east_36th_street,mid_block,OK,j_qTbaA-TW2S8PKTI9tB4w,2026-04,40.74839553454131,-73.98045845831584,4,2026,True,0.49445101868883146,119
east_36th_street_010,40.74831,-73.980257,east_36th_street,mid_block,OK,_8_BSByJ9A-uzTdrGL9Yfg,2026-04,40.74829779103496,-73.98022718546764,4,2026,True,2.8549876839781305,119
east_36th_street_011,40.748223,-73.98005,east_36th_street,mid_block,OK,_BQ742UfTgqStMrKyOvhCg,2026-04,40.74820648300032,-73.98001097783445,4,2026,True,3.7654873924691032,119
east_36th_street_012,40.748135,-73.979843,east_36th_street,mid_block,OK,rG5WESg31WzHuWdOCVR-_Q,2026-04,40.74811586768256,-73.97979593574158,4,2026,True,4.49940025715823,119
east_36th_street_013,40.748048,-73.979636,east_36th_street,mid_block,OK,X6jZWIX5BoSPVt2Q88IBnw,2026-04,40.74802778892045,-73.97958708103496,4,2026,True,4.693901418020504,119
east_36th_street_014,40.74796,-73.979429,east_36th_street,mid_block,OK,5mgPowl6GJ6l1-XTEKJRvA,2026-04,40.74798291020699,-73.9794807255669,4,2026,True,5.047408263755826,119
east_36th_street_015,40.747873,-73.979222,east_36th_street,mid_block,OK,ovsT_VAZFELVQmYPiC_UWQ,2026-04,40.74789335512695,-73.97926891121325,4,2026,True,4.554082996704797,119
east_36th_street_016,40.747786,-73.979014,east_36th_street,mid_block,OK,nAkZCiPpxnqAZ5ZMLUqojg,2026-04,40.74780387899632,-73.97905924885015,4,2026,True,4.2990646015317795,119
east_36th_street_017,40.747698,-73.978807,east_36th_street,mid_block,OK,VGhUmr_NyXuxqU-y_pwvPA,2026-04,40.74767763056354,-73.9787918348457,4,2026,True,2.600418396526259,119
east_36th_street_018,40.747611,-73.9786,east_36th_street,mid_block,OK,dJiRcw8GpL5zQljlDsN2pQ,2026-04,40.74762602249915,-73.97863543962848,4,2026,True,3.4209975954100855,119
east_36th_street_019,40.747523,-73.978393,east_36th_street,mid_block,OK,wePemfCF1Qq5Tis2Xhheng,2026-04,40.74753528833423,-73.9784190508527,4,2026,True,2.5851583332606096,119
east_36th_street_020,40.747436,-73.978186,east_36th_street,mid_block,OK,mDaq-bknwFehoreaz7tLcA,2026-04,40.7474480738904,-73.9782104636796,4,2026,True,2.4595727944732246,119
east_36th_street_021,40.747349,-73.977979,east_36th_street,mid_block,OK,hqCQmBLyRyqyoYxfBndAyg,2026-04,40.74736068171306,-73.97800115886837,4,2026,True,2.2741494271075835,119
east_36th_street_022,40.747261,-73.977771,east_36th_street,mid_block,OK,r44hM4ZL9F4lLIFZ6xnllQ,2026-04,40.74727354884408,-73.9777963376586,4,2026,True,2.5500971306487132,119
east_36th_street_023,40.747174,-73.977564,east_36th_street,mid_block,OK,518rMp6E8Do0kkS2n8kxiQ,2026-04,40.74718448549875,-73.97758748078006,4,2026,True,2.2960963081788393,119
east_36th_street_024,40.747087,-73.977357,east_36th_street,mid_block,OK,EOd4YXZxAHYB4cQjEiptCw,2026-04,40.7470968560698,-73.97737969979605,4,2026,True,2.204045069753242,119
east_36th_street_025,40.746999,-73.97715,east_36th_street,mid_block,OK,yhc7dIFm5sN_a44yGen3jA,2026-04,40.74703907381765,-73.97717559533942,4,2026,True,4.950262541930547,119
east_36th_street_026,40.746912,-73.976942,east_36th_street,mid_block,OK,rg_ra0DftvTcFdokFrGUBw,2026-04,40.74693035513929,-73.97698494221109,4,2026,True,4.153556420936572,119
east_36th_street_027,40.746825,-73.976735,east_36th_street,mid_block,OK,JvFZlBnxpPkouln2sACeiQ,2026-04,40.74684324136798,-73.97677814702382,4,2026,True,4.1624167779507895,119
east_36th_street_028,40.746738,-73.976528,east_36th_street,mid_block,OK,l8R3ozzZwm-uLopWvvR_vA,2026-04,40.74675327455831,-73.97656453615028,4,2026,True,3.5153901572724573,119
east_36th_street_029,40.746652,-73.97632,east_36th_street,mid_block,OK,vIyHIMoRnLpMc0vB356NZg,2026-04,40.74666171693364,-73.97634715859465,4,2026,True,2.5301850620101907,119
east_36th_street_030,40.746564,-73.976113,east_36th_street,mid_block,OK,YJQNAA9cs0wTXi49jwq7OQ,2026-04,40.74657010887816,-73.9761299601481,4,2026,True,1.5820079689728164,119
east_36th_street_031,40.746477,-73.975906,east_36th_street,mid_block,OK,kqdyWEAoOxtUI-YZXguAdg,2026-04,40.7464810620578,-73.9759185904913,4,2026,True,1.15281627753159,119
east_36th_street_032,40.746389,-73.975699,east_36th_street,mid_block,OK,jcto-HQXzUu-5xhG2b4ElQ,2026-04,40.74639389493727,-73.97571143544748,4,2026,True,1.1805470105972873,119
east_36th_street_033,40.746301,-73.975492,east_36th_street,mid_block,OK,8sXxYwSslIc1h7KYoF-JCw,2026-04,40.74630618380803,-73.97550257630519,4,2026,True,1.0611688346038024,119
east_36th_street_034,40.746213,-73.975285,east_36th_street,mid_block,OK,qeRPA0rEo8_vfHZPq3hyfw,2026-04,40.74621259923003,-73.97527784397357,4,2026,True,0.6044841584439714,119
east_36th_street_035,40.746126,-73.975078,east_36th_street,mid_block,OK,6-Bwhz4fRVQk9EawgAaRnw,2026-04,40.74613084066861,-73.97506790822632,4,2026,True,1.0062223606221434,119
east_36th_street_036,40.74604,-73.974872,east_36th_street,mid_block,OK,h9dY2E2jK59dYSLKvmrxKg,2026-04,40.74605969436958,-73.97483609082796,4,2026,True,3.7345412210421873,119
east_36th_street_037,40.745933,-73.974681,east_36th_street,mid_block,OK,UNse684RJjFlog1PpfBMoQ,2026-04,40.74592673679528,-73.9746733252537,4,2026,True,0.9502831368585545,119
east_36th_street_038,40.745845,-73.974475,east_36th_street,mid_block,OK,SqbEqIl2h5KJZ-fhtsS8yg,2026-04,40.74584555757914,-73.97446482369713,4,2026,True,0.8595177312292637,119
east_36th_street_039,40.745762,-73.974265,east_36th_street,mid_block,OK,2AZmwc43sDuWzDD7Y1PDLg,2026-04,40.74576472654692,-73.97424816119512,4,2026,True,1.450583758860465,119
east_36th_street_040,40.745681,-73.974053,east_36th_street,mid_block,OK,HQ1dLpDaRJd2cBVJpjRG2Q,2026-04,40.745679111995,-73.97404665408794,4,2026,True,0.5743414674699349,119
east_36th_street_041,40.745595,-73.973845,east_36th_street,mid_block,OK,sWvxQHOeJ5nJyF7VOASHoQ,2026-04,40.74558623273771,-73.97383115693478,4,2026,True,1.5199866267403188,119
east_36th_street_042,40.745509,-73.973637,east_36th_street,mid_block,OK,X5SgO4SAaMRqFrMA0i_XCA,2026-04,40.74549378294299,-73.97361709439684,4,2026,True,2.3822448336965714,119
east_36th_street_043,40.745423,-73.973429,east_36th_street,mid_block,OK,3QQKx_It6l6mjiabHIdZlw,2026-04,40.74540192613492,-73.97340455615758,4,2026,True,3.1195359398788516,119
east_36th_street_044,40.745337,-73.973221,east_36th_street,mid_block,OK,CLxREESmb1wJfFmpV-7GRg,2026-04,40.74531425652282,-73.97319390093693,4,2026,True,3.4069537936873964,119
east_36th_street_045,40.745251,-73.973013,east_36th_street,mid_block,OK,W-AXNRxhEG1HBTbLIddNhw,2026-04,40.74522552264714,-73.97297894090197,4,2026,True,4.032151023705522,119
east_36th_street_046,40.745165,-73.972804,east_36th_street,mid_block,OK,dd8gKjFCj5-Aw_QGlFbQ8Q,2026-04,40.74514067630579,-73.97277330723544,4,2026,True,3.7417802192935627,119
east_36th_street_047,40.745079,-73.972596,east_36th_street,mid_block,OK,gKrj4Wz_EJ34R_al03keDw,2026-04,40.74508574052443,-73.97257126051007,4,2026,True,2.214819321127839,119
east_37th_street_001,40.749644,-73.981521,east_37th_street,mid_block,OK,XOOhsEAV_Hq3lMzHXIfc_w,2026-04,40.74965090880176,-73.98152666803088,4,2026,True,0.9045099296270346,119
east_37th_street_002,40.749558,-73.981313,east_37th_street,mid_block,OK,QCaHbTPSvujLOHo4xgD4-w,2026-04,40.74956175752089,-73.98131288308292,4,2026,True,0.41793332257641247,119
east_37th_street_003,40.749471,-73.981105,east_37th_street,mid_block,OK,SXs1NfDz070TwYV2JTfDWg,2026-04,40.74947387186457,-73.98110429904962,4,2026,True,0.3247498808883408,119
east_37th_street_004,40.749385,-73.980897,east_37th_street,mid_block,OK,zuWcYnLRGnsDw2Dz9IHL1A,2026-04,40.74938712153252,-73.9808984050441,4,2026,True,0.2639303472141398,119
east_37th_street_005,40.749299,-73.980689,east_37th_street,mid_block,OK,f68xvJTG804PGKiqgTFZcg,2026-04,40.7492988442709,-73.98068919283436,4,2026,True,0.02374283818720881,119
east_37th_street_006,40.749213,-73.980481,east_37th_street,mid_block,OK,SQc65BP5vLZrzKgMXdOkyg,2026-04,40.74921343051559,-73.98048634734542,4,2026,True,0.4529882923616227,119
east_37th_street_007,40.749127,-73.980273,east_37th_street,mid_block,OK,hQlfTPWKp4laxRJtl5MLtg,2026-04,40.74912395283535,-73.9802739960472,4,2026,True,0.34906359868925035,119
east_37th_street_008,40.74904,-73.980066,east_37th_street,mid_block,OK,f96jbOv3WAFQTDGsBI6FWA,2026-04,40.74903588858096,-73.98006523153548,4,2026,True,0.46172933377006636,119
east_37th_street_009,40.748951,-73.979859,east_37th_street,mid_block,OK,BlyC9bZWbJJSM1eXcNAjlw,2026-04,40.74893938375341,-73.97985808095828,4,2026,True,1.293985741866175,119
east_37th_street_010,40.748863,-73.979652,east_37th_street,mid_block,OK,6YdxuBl0VTJBg2F1fCCyNQ,2026-04,40.74884965965202,-73.97964241096429,4,2026,True,1.6890542696041573,119
east_37th_street_011,40.748776,-73.979445,east_37th_street,mid_block,OK,VtbnMNKJ_CGXfFtFxNTLcg,2026-04,40.74876037664917,-73.97942772716245,4,2026,True,2.266087213272306,119
east_37th_street_012,40.748689,-73.979238,east_37th_street,mid_block,OK,5xphdpuWsZlj7odnLn0xxg,2026-04,40.74866808134328,-73.97920829029685,4,2026,True,3.4167376064386645,119
east_37th_street_013,40.748602,-73.979031,east_37th_street,mid_block,OK,5bitZcu6T_TaWTBNinO94A,2026-04,40.74857526851867,-73.9789878667445,4,2026,True,4.694420590769761,119
east_37th_street_014,40.748514,-73.978823,east_37th_street,mid_block,OK,yd8ECTM0DCFIPgPps82EJw,2026-04,40.74848567377641,-73.97877524476273,4,2026,True,5.1092340414142745,119
east_37th_street_015,40.748427,-73.978616,east_37th_street,mid_block,OK,EENCJZGU_xY4_CdtqL7DCw,2026-04,40.74844292815914,-73.97867435909235,4,2026,True,5.225444093622168,119
east_37th_street_016,40.74834,-73.978409,east_37th_street,mid_block,OK,_AbT4cIBEcSUi9uneGd0oA,2026-04,40.74834720000661,-73.97844774726464,4,2026,True,3.3608013993564207,119
east_37th_street_017,40.748253,-73.978201,east_37th_street,mid_block,OK,bk2ROnoF8P4rfxrQyWpbbw,2026-04,40.74824165843029,-73.9781945012813,4,2026,True,1.3748226191024693,119
east_37th_street_018,40.748166,-73.977994,east_37th_street,mid_block,OK,9bE9azcD-Of9YcmMrElp_A,2026-04,40.74815195030043,-73.97798268551077,4,2026,True,1.830053883685796,119
east_37th_street_019,40.748079,-73.977786,east_37th_street,mid_block,OK,FEDCn_XJlnZWCd08ZZOM-g,2026-04,40.7480601344261,-73.97776611664727,4,2026,True,2.684419102391143,119
east_37th_street_020,40.747991,-73.97758,east_37th_street,mid_block,OK,tTfVbqRXDxh8u9JqxMrZdw,2026-04,40.74796458231322,-73.97754075922315,4,2026,True,4.422244075838073,119
east_37th_street_021,40.747903,-73.977373,east_37th_street,mid_block,OK,9f-s2r5AUlqDpsc5xCdofA,2026-04,40.74787735892352,-73.97733477172467,4,2026,True,4.301135549774278,119
east_37th_street_022,40.747814,-73.977167,east_37th_street,mid_block,OK,nsYw3kj9an7Zi-oobGJdrg,2026-04,40.74779255810681,-73.97712779755972,4,2026,True,4.073147398317079,119
east_37th_street_023,40.747726,-73.97696,east_37th_street,mid_block,OK,L5f9K-WS-m73QMW6cd8sxg,2026-04,40.74770343786415,-73.97691589093738,4,2026,True,4.483405250280582,119
east_37th_street_024,40.747638,-73.976754,east_37th_street,mid_block,OK,3dpr9Xaw3kYy7tr8z0PkcA,2026-04,40.74767603956982,-73.97671393823875,4,2026,True,5.411160444572046,119
east_37th_street_025,40.747552,-73.976546,east_37th_street,mid_block,OK,qDTG2FSbt9nSd4xDXWsJ7Q,2026-04,40.74753764221054,-73.97658821091873,4,2026,True,3.8978271400539635,119
east_37th_street_026,40.747465,-73.976338,east_37th_street,mid_block,OK,UB_D8QS-GzB7kc01SWa2JA,2021-09,40.74748384750266,-73.97630178189569,9,2021,False,3.7014812963779224,119
east_37th_street_027,40.747396,-73.976121,east_37th_street,mid_block,OK,P8L-9dwWl-jh31TPNMqBjQ,2026-04,40.74738661673847,-73.97614000401231,4,2026,True,1.9109001635985607,119
east_37th_street_028,40.747328,-73.975902,east_37th_street,mid_block,OK,sObSP4xKHieiJ-o8WYvDfQ,2026-04,40.74733586648078,-73.97593500146576,4,2026,True,2.914430318291456,119
east_37th_street_029,40.74724,-73.975696,east_37th_street,mid_block,OK,NzeZy6EPoYehbzyxVEHQzA,2026-04,40.74724186032865,-73.97570569608379,4,2026,True,0.8425934560591976,119
east_37th_street_030,40.747131,-73.975508,east_37th_street,mid_block,OK,QpAC2Gn3MrOdd5Y_COAHRQ,2026-04,40.74713887915053,-73.97552042215746,4,2026,True,1.3647920399961542,119
east_37th_street_031,40.747034,-73.975309,east_37th_street,mid_block,OK,d3TOtyBJVfYBInngXUgQgg,2026-04,40.74705183849609,-73.97530725827612,4,2026,True,1.9889695357244128,119
east_37th_street_032,40.746945,-73.975102,east_37th_street,mid_block,OK,3XV-0O9Y5vZdwYpU1yClqw,2026-04,40.74695841186816,-73.97509265931309,4,2026,True,1.6861898882638768,119
east_37th_street_033,40.746857,-73.974896,east_37th_street,mid_block,OK,VwCEt3ySzeNaQr0_A7GzwA,2026-04,40.74686526287564,-73.97487895689018,4,2026,True,1.7045553728465301,119
east_37th_street_034,40.746769,-73.974689,east_37th_street,mid_block,OK,WDFIzAGPBzCbwkLrbnKy9g,2026-04,40.74676809271338,-73.97465870773259,4,2026,True,2.55385876339149,119
east_37th_street_035,40.746679,-73.974484,east_37th_street,mid_block,OK,rsVMKdjYxX-72xbIejLvyQ,2026-04,40.74667963119792,-73.97445253779192,4,2026,True,2.651355552275161,119
east_37th_street_036,40.74659,-73.974278,east_37th_street,mid_block,OK,iIOztCL2TLI3fy1iTxKsFg,2026-04,40.74659002256167,-73.9742446637438,4,2026,True,2.808304099636993,119
east_37th_street_037,40.746503,-73.974071,east_37th_street,mid_block,OK,sUqftFJ0UGLEbynhRfJ3TQ,2026-04,40.74649956729986,-73.9740345475127,4,2026,True,3.094455062946237,119
east_37th_street_038,40.746415,-73.973864,east_37th_street,mid_block,OK,yG4FpFHUOJAfKk66xIgITg,2026-04,40.74640884717885,-73.9738241620169,4,2026,True,3.4250555745252873,119
east_37th_street_039,40.746328,-73.973657,east_37th_street,mid_block,OK,25YdfkuLrcKfLecFzHSKhg,2021-05,40.74631740362523,-73.97361027882825,5,2021,False,4.108468018787022,119
east_37th_street_040,40.746241,-73.973449,east_37th_street,mid_block,OK,Ea-T3kPlw5iwMHDrHOJFjw,2024-09,40.74623493098953,-73.97341603502205,9,2024,False,2.857860672884268,119
east_37th_street_041,40.746155,-73.973241,east_37th_street,mid_block,OK,4pNgL7y58eOF1LEMhdLY5w,2024-09,40.74614402484134,-73.9732011649139,9,2024,False,3.5708136823492516,119
east_37th_street_042,40.746069,-73.973033,east_37th_street,mid_block,OK,CYMkeBh1FoXvJU5YUUGOBw,2024-09,40.74609616096476,-73.97308816968565,9,2024,False,5.542723297534089,119
east_37th_street_043,40.745982,-73.972825,east_37th_street,mid_block,OK,pbaapGBx1ACVu1VJBN1pJw,2026-04,40.74597678614413,-73.97281034462814,4,2026,True,1.3639516543889678,119
east_37th_street_044,40.745895,-73.972618,east_37th_street,mid_block,OK,Wc3Za0uN6mxNmfmuXHkfeQ,2024-09,40.7458882134868,-73.97259439769574,9,2024,False,2.1267047979284555,119
east_37th_street_045,40.745808,-73.972411,east_37th_street,mid_block,OK,9tTVIZgSddfGIJeYWE_3EQ,2024-09,40.74579701450637,-73.97237854020024,9,2024,False,2.994934899840764,119
east_37th_street_046,40.745721,-73.972203,east_37th_street,mid_block,OK,hprRNLeIOZoehQnj0NRJJw,2026-04,40.74573139132251,-73.97225675593104,4,2026,True,4.673634357315333,119
east_37th_street_047,40.745634,-73.971996,east_37th_street,mid_block,OK,v8EDKJBfKy5hXmUhE67enA,2024-09,40.74563051165143,-73.97201892663531,9,2024,False,1.9699714585804708,119
east_38th_street_001,40.750325,-73.981224,east_38th_street,mid_block,OK,zPAEp2PmVxEpouqQL_yM-Q,2026-04,40.75034538857874,-73.98123917026467,4,2026,True,2.6024589488717975,119
east_38th_street_002,40.750237,-73.981018,east_38th_street,mid_block,OK,Oou9vnCzxMtPZhbZaY59OA,2026-04,40.7502509168929,-73.98101552073805,4,2026,True,1.5615169907664657,119
east_38th_street_003,40.75015,-73.98081,east_38th_street,mid_block,OK,M9Ke3tHsWqT7YNC63kEpTQ,2026-04,40.75015780559784,-73.98079402315567,4,2026,True,1.6014437530691483,119
east_38th_street_004,40.750063,-73.980603,east_38th_street,mid_block,OK,ZgkT8u6LL1ygK-MYTvO1-g,2026-04,40.75006734430247,-73.98057898193876,4,2026,True,2.0800857606182217,119
east_38th_street_005,40.749977,-73.980395,east_38th_street,mid_block,OK,v7D6kukKU16SUp2xUmClUA,2026-04,40.74997201026163,-73.98035192397907,4,2026,True,3.670786038702713,119
east_38th_street_006,40.74989,-73.980187,east_38th_street,mid_block,OK,1ZXe11xE1R4s9lwJFIruOA,2026-04,40.74988244081558,-73.98013733064505,4,2026,True,4.267618327639094,119
east_38th_street_007,40.749804,-73.979979,east_38th_street,mid_block,OK,2UcY4YbkduUa27zE8oeFvw,2026-04,40.7497951786799,-73.97992731052666,4,2026,True,4.463315700656661,119
east_38th_street_008,40.749717,-73.979772,east_38th_street,mid_block,OK,ogTrW7iTBBSgj1HssSgbBg,2026-04,40.74970761351636,-73.97971675212469,4,2026,True,4.769557908505272,119
east_38th_street_009,40.749626,-73.979567,east_38th_street,mid_block,OK,VcbJc1lGzoOq7J6XSt9bxw,2026-04,40.74961141531326,-73.9795122914455,4,2026,True,4.885551860376427,119
east_38th_street_010,40.749536,-73.979362,east_38th_street,mid_block,OK,BO7oD_-nw8ww4NQwLQAKtw,2026-04,40.7495260697312,-73.979333298497,4,2026,True,2.6579681058486524,119
east_38th_street_011,40.749447,-73.979156,east_38th_street,mid_block,OK,-intCq0LNHzFRyWPE1_Epw,2026-04,40.7494400658717,-73.97912525037148,4,2026,True,2.7026106477387355,119
east_38th_street_012,40.74936,-73.978949,east_38th_street,mid_block,OK,vmLVZIHkijad0-mcYhFWdQ,2026-04,40.7493506962656,-73.97891155242887,4,2026,True,3.319822180704627,119
east_38th_street_013,40.749273,-73.978741,east_38th_street,mid_block,OK,6w_4N_kUFMG4vc9t_BCQbg,2026-04,40.74925949911489,-73.97869507428766,4,2026,True,4.149766961351128,119
east_38th_street_014,40.749186,-73.978534,east_38th_street,mid_block,OK,uvAO_X52D1Nt9uIzimdiUw,2026-04,40.74917589898574,-73.97849653115513,4,2026,True,3.3502043825663956,119
east_38th_street_015,40.749098,-73.978327,east_38th_street,mid_block,OK,Fci_lUnXZ2X-6QUhJjCbFw,2026-04,40.74908841203283,-73.97828919953507,4,2026,True,3.357994092799422,119
east_38th_street_016,40.749011,-73.97812,east_38th_street,mid_block,OK,IJu6PYtdsROnjZ5tTUKh0w,2026-04,40.74899978873835,-73.9780791773979,4,2026,True,3.6578305761469716,119
east_38th_street_017,40.748924,-73.977913,east_38th_street,mid_block,OK,M85v_MAOD1YdWs52ZQLREg,2026-04,40.74889357971851,-73.97791784939211,4,2026,True,3.4071589072453703,119
east_38th_street_018,40.748836,-73.977705,east_38th_street,mid_block,OK,k-LRzL-TeF4qznMmLfl8mQ,2026-04,40.74883839317206,-73.97769697597738,4,2026,True,0.7264304584943896,119
east_38th_street_019,40.748749,-73.977498,east_38th_street,mid_block,OK,e3qsPpcn9Gv_wV2vk9Rzig,2026-04,40.74875138423597,-73.97749089896948,4,2026,True,0.6543006930130099,119
east_38th_street_020,40.748662,-73.977291,east_38th_street,mid_block,OK,HVipw5Og2YFm5wxrp4rpUg,2026-04,40.74866233022358,-73.97727997919228,4,2026,True,0.9291085479312275,119
east_38th_street_021,40.748574,-73.977084,east_38th_street,mid_block,OK,7rSNdGZsOdsHcuAhRWIK9w,2026-04,40.74857081494586,-73.97706340953751,4,2026,True,1.7703117859379809,119
east_38th_street_022,40.748487,-73.976877,east_38th_street,mid_block,OK,EmNLuq201Q1MyGrRFvquWw,2026-04,40.74848038412381,-73.97684917124157,4,2026,True,2.4569920723160936,119
east_38th_street_023,40.7484,-73.976669,east_38th_street,mid_block,OK,E2DyZR5J4LkNakdfwCVZaw,2026-04,40.74839062161448,-73.97663645721815,4,2026,True,2.933033142776124,119
east_38th_street_024,40.748312,-73.976462,east_38th_street,mid_block,OK,38G6U6IL8gnf90A_1YzrsQ,2026-04,40.74829543963749,-73.97640204106999,4,2026,True,5.376111241082408,119
east_38th_street_025,40.748224,-73.976255,east_38th_street,mid_block,OK,nRd2-eKVFM6YWFa6Kt6icQ,2026-04,40.74824975248353,-73.97628841998032,4,2026,True,4.015685496416797,119
east_38th_street_026,40.748136,-73.976049,east_38th_street,mid_block,OK,-ekg0gp1kN93sn8zwT-AiQ,2026-04,40.7481612030867,-73.97608000985134,4,2026,True,3.83114421773679,119
east_38th_street_027,40.748048,-73.975842,east_38th_street,mid_block,OK,gAVcr1GgLm8K_VGManLe8w,2026-04,40.74806924849765,-73.9758651427178,4,2026,True,3.063196366514669,119
east_38th_street_028,40.74796,-73.975636,east_38th_street,mid_block,OK,aEZC-gv2VxNTFg9N2mJUEw,2026-04,40.74797128081916,-73.97564668824084,4,2026,True,1.5440603781855575,119
east_38th_street_029,40.747872,-73.975429,east_38th_street,mid_block,OK,MVZuKvCsK0PthwIwHh-sjA,2026-04,40.74787234914049,-73.97543684257374,4,2026,True,0.6617987211948992,119
east_38th_street_030,40.747785,-73.975221,east_38th_street,mid_block,OK,dsk-Od2qRSPL4tjo7rB3kA,2026-04,40.7477742584561,-73.97519417460667,4,2026,True,2.5560111592124937,119
east_38th_street_031,40.747698,-73.975014,east_38th_street,mid_block,OK,Zi4OmnGhzOKPDEqGvzR8uA,2026-04,40.74768695611667,-73.97498872266286,4,2026,True,2.4581012322864964,119
east_38th_street_032,40.747611,-73.974807,east_38th_street,mid_block,OK,8Ho9aYbphKO07YXCR0iK1Q,2026-04,40.74759737826528,-73.97477627561639,4,2026,True,2.9988628660061707,119
east_38th_street_033,40.747524,-73.974599,east_38th_street,mid_block,OK,O5fC9_fm76rudoQ91lqn2g,2026-04,40.74750980986026,-73.97456364897921,4,2026,True,3.3701773167003615,119
east_38th_street_034,40.747436,-73.974392,east_38th_street,mid_block,OK,OqX9-sk0fT1vVU--pV_uuA,2026-04,40.7474209508275,-73.97435308470546,4,2026,True,3.6806464458564654,119
east_38th_street_035,40.74735,-73.974185,east_38th_street,mid_block,OK,WwAaEG6hl_C-qZOJgsMcaw,2026-04,40.74733227483963,-73.97414646604591,4,2026,True,3.7976296112670225,119
east_38th_street_036,40.747262,-73.973978,east_38th_street,mid_block,OK,gOEyve0f7vRYMQ2GE45QtA,2026-04,40.74725342096472,-73.97396441903966,4,2026,True,1.4896011469102153,119
east_38th_street_037,40.747175,-73.97377,east_38th_street,mid_block,OK,JXvG18OEU-JSD6NkbYmxlQ,2026-04,40.74716174707113,-73.97374784565275,4,2026,True,2.3779736623558647,119
east_38th_street_038,40.747089,-73.973562,east_38th_street,mid_block,OK,bH_wC2dWFy4e3gS6e925dA,2026-04,40.74707523147269,-73.9735415850577,4,2026,True,2.3025124752753863,119
east_38th_street_039,40.747002,-73.973355,east_38th_street,mid_block,OK,q6oDxteu3DZ4MVzAgXd8dQ,2026-04,40.7469846268116,-73.9733261770177,4,2026,True,3.1028173469619857,119
east_38th_street_040,40.746915,-73.973147,east_38th_street,mid_block,OK,zGpITbm_5nOQqrx7AtFYKw,2026-04,40.74694512877431,-73.97319246607725,4,2026,True,5.088559565017246,119
east_38th_street_041,40.746828,-73.97294,east_38th_street,mid_block,OK,zaFkwh_rpOSFwBUpNk5Tyg,2026-04,40.74683224341,-73.97296243999658,4,2026,True,1.9483742889747546,119
east_38th_street_042,40.746742,-73.972732,east_38th_street,mid_block,OK,NJEDwyTyORq03oa9CMNfqg,2026-04,40.74674342118172,-73.97274685195057,4,2026,True,1.2610912186909349,119
east_38th_street_043,40.746655,-73.972524,east_38th_street,mid_block,OK,b6nyzMJrmAOaullMhmoEJg,2026-04,40.74665214907984,-73.9725251654884,4,2026,True,0.3318641455897188,119
east_38th_street_044,40.746568,-73.972317,east_38th_street,mid_block,OK,INiF0BbQsc9h2pN-s4r2EA,2026-04,40.74656446187272,-73.97231226732691,4,2026,True,0.5601190055685668,119
east_38th_street_045,40.746481,-73.972109,east_38th_street,mid_block,OK,fViLd2M8Sj5nThdRQciJaw,2026-04,40.74647784757597,-73.9721021489864,4,2026,True,0.6752530462601993,119
east_38th_street_046,40.746394,-73.971901,east_38th_street,mid_block,OK,4gZeGl6UZ9LrL7m5EaTNeg,2026-04,40.74639213205892,-73.97189570726928,4,2026,True,0.4918756268174245,119
east_38th_street_047,40.746308,-73.971694,east_38th_street,mid_block,OK,LeMyijIQx_rKZZLO8HRNBw,2026-04,40.74630140046403,-73.9716751856597,4,2026,True,1.746599058536655,119
east_39th_street_001,40.750937,-73.980752,east_39th_street,mid_block,OK,zpPPMlgKCF5gXjtYGRWDBA,2026-04,40.75093955725168,-73.98076182976111,4,2026,True,0.8754865749335543,119
east_39th_street_002,40.750852,-73.980543,east_39th_street,mid_block,OK,OEQLMuyRWj2XdX5h4n5imQ,2026-04,40.75083518130415,-73.98051620922793,4,2026,True,2.9309421424092785,119
east_39th_street_003,40.750764,-73.980336,east_39th_street,mid_block,OK,X1RRvFqMHxD0c3d0kZHGiA,2026-04,40.75074854761253,-73.98031219777609,4,2026,True,2.6405276848509946,119
east_39th_street_004,40.750677,-73.980129,east_39th_street,mid_block,OK,chh9d0sDHNuBbwbqqYnJ2Q,2026-04,40.75065789995304,-73.98009850115285,4,2026,True,3.33331821414568,119
east_39th_street_005,40.75059,-73.979922,east_39th_street,mid_block,OK,SyyqH1AyhMlfMNwuu6h9yg,2026-04,40.75057057111085,-73.9798927854212,4,2026,True,3.274678391028737,119
east_39th_street_006,40.750504,-73.979714,east_39th_street,mid_block,OK,1vl6tFP4CKAxCrJVn5WCEg,2026-04,40.75047513930747,-73.97966769951665,4,2026,True,5.050772872978145,119
east_39th_street_007,40.750419,-73.979505,east_39th_street,mid_block,OK,SSfEaSTGjN1dnLSv1lEXcg,2026-04,40.75043672890182,-73.97955964025371,4,2026,True,5.007127804274775,119
east_39th_street_008,40.750334,-73.979296,east_39th_street,mid_block,OK,wg9UJYpF68BxIJk1E8u9Fg,2026-04,40.75035508218865,-73.97934298349047,4,2026,True,4.599910564259293,119
east_39th_street_009,40.750246,-73.979089,east_39th_street,mid_block,OK,ltK12NjeKyfU-fdmY-eB-A,2026-04,40.75026831303143,-73.97911520666317,4,2026,True,3.321025709927259,119
east_39th_street_010,40.750158,-73.978883,east_39th_street,mid_block,OK,rM5tF0ar33DAemL55kZRxw,2026-04,40.75018048896357,-73.97890123968119,4,2026,True,2.9349617147106946,119
east_39th_street_011,40.75007,-73.978676,east_39th_street,mid_block,OK,lWxmqxObR63qYv5QR6kt9A,2026-04,40.75009113432417,-73.97868870727982,4,2026,True,2.5823347110576136,119
east_39th_street_012,40.749982,-73.978469,east_39th_street,mid_block,OK,jpXGHRUVRp6u23-yqC2MTQ,2026-04,40.75000278872522,-73.97847850622645,4,2026,True,2.4463741166250985,119
east_39th_street_013,40.749909,-73.978253,east_39th_street,mid_block,OK,HsZmA3lPFbdYP-K4VSOzIw,2026-04,40.74991489596671,-73.9782688430015,4,2026,True,1.486910624345692,119
east_39th_street_014,40.749822,-73.978046,east_39th_street,mid_block,OK,l2g5WZhYA2G978tYiGM8hA,2026-04,40.74982750596783,-73.97805953825379,4,2026,True,1.2943775683189442,119
east_39th_street_015,40.749731,-73.977841,east_39th_street,mid_block,OK,3gzCPMaYcjz180GhxCOmJw,2026-04,40.749739787466,-73.97784951586581,4,2026,True,1.2121748671202062,119
east_39th_street_016,40.749641,-73.977636,east_39th_street,mid_block,OK,qV6nwTrjw62pdtPGtyhpHQ,2026-04,40.74964833282673,-73.97763070493583,4,2026,True,0.9294026278512215,119
east_39th_street_017,40.74955,-73.977431,east_39th_street,mid_block,OK,kOJmCPU6jeyhiUX5eTNCoQ,2026-04,40.74953235298041,-73.97745153088236,4,2026,True,2.6156377267939646,119
east_39th_street_018,40.749462,-73.977225,east_39th_street,mid_block,OK,Szij9PTocfNQ69EAjp9dQQ,2026-04,40.74948203409372,-73.97724052138514,4,2026,True,2.5830474681791995,119
east_39th_street_019,40.749373,-73.977019,east_39th_street,mid_block,OK,pg0q2eymrBHe0YkTCV9Ssw,2026-04,40.74939346005329,-73.97703085681054,4,2026,True,2.4846457752691613,119
east_39th_street_020,40.749286,-73.976811,east_39th_street,mid_block,OK,zytsFOT5_T2v27qaymZN6Q,2026-04,40.74930614467365,-73.97682262684002,4,2026,True,2.444751173497076,119
east_39th_street_021,40.7492,-73.976604,east_39th_street,mid_block,OK,mnBrL2p0HDMB_izi6y59yw,2026-04,40.74921326634922,-73.97659646121615,4,2026,True,1.6060400126995829,119
east_39th_street_022,40.749113,-73.976396,east_39th_street,mid_block,OK,HSkmkdufklVTtz37pF4zwg,2026-04,40.7491262580747,-73.97638509207192,4,2026,True,1.7371451967492915,119
east_39th_street_023,40.749027,-73.976188,east_39th_street,mid_block,OK,eFgyJqiHn092lgdBFisDyg,2026-04,40.74903021461135,-73.9761600020618,4,2026,True,2.3854406306239118,119
east_39th_street_024,40.748942,-73.975978,east_39th_street,mid_block,OK,PAu6bUuRyaiaGFdivT6Ifw,2026-04,40.74893456438142,-73.9759371537246,4,2026,True,3.5387810548351526,119
east_39th_street_025,40.748857,-73.97577,east_39th_street,mid_block,OK,uZNPwvhevndSgV5yzgZfhg,2026-04,40.74884640766054,-73.9757304470885,4,2026,True,3.5339420378258546,119
east_39th_street_026,40.748767,-73.975565,east_39th_street,mid_block,OK,WI2cHrfffmnMEw9993ZzIg,2026-04,40.74875704742785,-73.9755253544279,4,2026,True,3.518285981229131,119
east_39th_street_027,40.748678,-73.975359,east_39th_street,mid_block,OK,opjfYayJ7gbp-eiWUBaXXg,2026-04,40.74866208342822,-73.97530734795386,4,2026,True,4.697295806588254,119
east_39th_street_028,40.748588,-73.975153,east_39th_street,mid_block,OK,OUMBBGXOivSzwY6zi0VRQg,2026-04,40.74857363025652,-73.97509750191665,4,2026,True,4.940625782277391,119
east_39th_street_029,40.7485,-73.974947,east_39th_street,mid_block,OK,8TA-CXCC3fseYRw-0BaBUQ,2026-04,40.74851176127452,-73.97497186321819,4,2026,True,2.469227784368413,119
east_39th_street_030,40.748412,-73.97474,east_39th_street,mid_block,OK,6sO8CszOd-SLZPAzyY9-sA,2026-04,40.74841704707676,-73.97474076312818,4,2026,True,0.564879218154953,119
east_39th_street_031,40.748325,-73.974533,east_39th_street,mid_block,OK,uR3WhHAKv5EnihkZQLO8zw,2026-04,40.74832741296394,-73.97453163389793,4,2026,True,0.2919473536322253,119
east_39th_street_032,40.748238,-73.974326,east_39th_street,mid_block,OK,j1WAHka9HvGKnWsWheUpeA,2026-04,40.74823878801048,-73.97432483607368,4,2026,True,0.13149638016992482,119
east_39th_street_033,40.74815,-73.974118,east_39th_street,mid_block,OK,1509MpyQJo9sLNagkEdZwA,2026-04,40.74815023797291,-73.97411803802723,4,2026,True,0.026654575762595608,119
east_39th_street_034,40.748063,-73.973911,east_39th_street,mid_block,OK,vV-IDRwBBGArKTznJUpVWw,2026-04,40.748057749729,-73.97390209256199,4,2026,True,0.950719930043667,119
east_39th_street_035,40.747976,-73.973704,east_39th_street,mid_block,OK,bQSHiMD5gT2Ze65garVK1g,2026-04,40.74796733228061,-73.97369170692139,4,2026,True,1.414681815850994,119
east_39th_street_036,40.747888,-73.973497,east_39th_street,mid_block,OK,pUXxcrnHvWaFtzGeuWfp_w,2026-04,40.74788659267422,-73.973502754234,4,2026,True,0.509370499969295,119
east_39th_street_037,40.747801,-73.97329,east_39th_street,mid_block,OK,TvI6ZgEzA-JgB6LFtzdNfA,2026-04,40.74780269667497,-73.97329317526504,4,2026,True,0.3273245590478398,119
east_39th_street_038,40.747714,-73.973082,east_39th_street,mid_block,OK,W5VoDVjRnXMxz6bPc7TrSQ,2026-04,40.74771881189572,-73.97308314767398,4,2026,True,0.543722886047147,119
east_39th_street_039,40.747626,-73.972875,east_39th_street,mid_block,OK,4k_uZ5VmD03qBOWYKEO64g,2026-04,40.74762655624048,-73.97285240403156,4,2026,True,1.904497805546522,119
east_39th_street_040,40.747539,-73.972668,east_39th_street,mid_block,OK,loz-gWScg87ub8lQhZxTcw,2026-04,40.7475445314162,-73.97265600716504,4,2026,True,1.1827831369891364,119
east_39th_street_041,40.747452,-73.972461,east_39th_street,mid_block,OK,YQPalxa6UulpdpK99yEW_g,2026-04,40.74746707142425,-73.97247476586068,4,2026,True,2.0379650750545966,119
east_39th_street_042,40.747365,-73.972253,east_39th_street,mid_block,OK,Zl2mjfdT4gHLnJCFhvv_Mg,2026-04,40.74737122216337,-73.97225110614347,4,2026,True,0.7100290172244761,119
east_39th_street_043,40.747278,-73.972046,east_39th_street,mid_block,OK,cQsrusG29t0zFks8Fb69Kw,2026-04,40.7472805100177,-73.97203973222646,4,2026,True,0.5972303390464858,119
east_39th_street_044,40.747191,-73.971839,east_39th_street,mid_block,OK,UBm3DmV9PTWtpjQqV6gSwA,2026-04,40.7471902518008,-73.97182943422976,4,2026,True,0.8101127944841853,119
east_39th_street_045,40.747104,-73.971631,east_39th_street,mid_block,OK,wlETha9wvl5doZsAsQJAXA,2026-04,40.74710193607494,-73.97162326125861,4,2026,True,0.6911357707375151,119
east_39th_street_046,40.747016,-73.971424,east_39th_street,mid_block,OK,dY1xfHLB0igeYnh2NH5XLQ,2026-04,40.74701151233113,-73.97141233505009,4,2026,True,1.1021094873680666,119
east_39th_street_047,40.746929,-73.971216,east_39th_street,mid_block,OK,Y01Mt0kSWGgvZEacPxCnMA,2026-04,40.74693255172876,-73.971229568021,4,2026,True,1.209294455783981,119
east_40th_street_001,40.751564,-73.980312,east_40th_street,mid_block,OK,ocR8tjXRs7q2bq-7p3xoeg,2026-04,40.75155266021095,-73.98025704739041,4,2026,True,4.797620890851071,119
east_40th_street_002,40.751484,-73.9801,east_40th_street,mid_block,OK,ziiG4BAQ78YYiEb4QCUpng,2026-04,40.75150586860398,-73.9801478226774,4,2026,True,4.7054005782068495,119
east_40th_street_003,40.751398,-73.979892,east_40th_street,mid_block,OK,7kxoJhwVk8D-RAlIVr1ltw,2026-04,40.75141721986953,-73.97994129991828,4,2026,True,4.670464041525306,119
east_40th_street_004,40.751311,-73.979684,east_40th_street,mid_block,OK,v6lDbV13dO6K1ZtcAnqWhQ,2026-04,40.75132720668434,-73.97973101055868,4,2026,True,4.350737158927129,119
east_40th_street_005,40.751225,-73.979476,east_40th_street,mid_block,OK,TQB7L8CQnGTtXXesRSnnrg,2026-04,40.75123930167836,-73.97951964485968,4,2026,True,4.005662789683999,119
east_40th_street_006,40.751139,-73.979268,east_40th_street,mid_block,OK,xbQgdq-LcXcZWL0n8DxuIg,2026-04,40.75115070501508,-73.97930818925242,4,2026,True,3.6269538113248196,119
east_40th_street_007,40.751053,-73.97906,east_40th_street,mid_block,OK,w9nhDa7KR0Yaed2b_OyxYQ,2026-04,40.75106116507885,-73.97909646438467,4,2026,True,3.2029879887220702,119
east_40th_street_008,40.750967,-73.978852,east_40th_street,mid_block,OK,MznzULp1RNKIaN76INwuZA,2026-04,40.75096862871422,-73.97888169029713,4,2026,True,2.5075451237975757,119
east_40th_street_009,40.750877,-73.978647,east_40th_street,mid_block,OK,3U3MsXOqGsdLQ0bO7H5yrg,2026-04,40.75087199116243,-73.97867095139766,4,2026,True,2.09304000964808,119
east_40th_street_010,40.750789,-73.97844,east_40th_street,mid_block,OK,GlGDWEKb4yUoSSMokAiYlw,2026-04,40.75078931818715,-73.97845716327389,4,2026,True,1.446204967459301,119
east_40th_street_011,40.750701,-73.978233,east_40th_street,mid_block,OK,ZCulNTU7DtFLav_SpTEoWw,2026-04,40.75070188039214,-73.97824857614215,4,2026,True,1.3157265512107823,119
east_40th_street_012,40.750612,-73.978027,east_40th_street,mid_block,OK,Cvqad8LXQht8hwda_qn8Cg,2026-04,40.75061079874492,-73.97803344240167,4,2026,True,0.5588828484126852,119
east_40th_street_013,40.750523,-73.977821,east_40th_street,mid_block,OK,7fiheV3rvBOq9hCz63llNg,2026-04,40.7505191359264,-73.97781687359534,4,2026,True,0.552661277642483,119
east_40th_street_014,40.750435,-73.977615,east_40th_street,mid_block,OK,zcEUSulMlrZwwsB49567zw,2026-04,40.75042894922508,-73.97760380193546,4,2026,True,1.1586525725872687,119
east_40th_street_015,40.750346,-73.977408,east_40th_street,mid_block,OK,UeOt3iFZffb0eAn7uEG6AA,2026-04,40.75034134907029,-73.97739673838323,4,2026,True,1.0804536557791384,119
east_40th_street_016,40.750259,-73.977201,east_40th_street,mid_block,OK,L3_0h-Y70H7XYJO5aN68RQ,2026-04,40.75025390024077,-73.9771902126693,4,2026,True,1.0711154716981721,119
east_40th_street_017,40.750171,-73.976994,east_40th_street,mid_block,OK,wirGGI_nltRT_ObxW-5AEQ,2026-04,40.7501303640341,-73.97701462528347,4,2026,True,4.841030489298414,119
east_40th_street_018,40.750084,-73.976787,east_40th_street,mid_block,OK,nGVa1fvXiu1sKm91rThE9w,2026-04,40.75008492262188,-73.97679231599865,4,2026,True,0.4594066001651902,119
east_40th_street_019,40.749996,-73.97658,east_40th_street,mid_block,OK,PbcGVOP-eUZStXwa8mWsRw,2026-04,40.74999814020114,-73.97658677608436,4,2026,True,0.6184225684829581,119
east_40th_street_020,40.749909,-73.976373,east_40th_street,mid_block,OK,DgBhFnOMHQVxmMfXv1TDFQ,2026-04,40.74990748250745,-73.97637199919409,4,2026,True,0.18862590743692342,119
east_40th_street_021,40.749821,-73.976166,east_40th_street,mid_block,OK,o0X3KZs70gvjNVMpJoxjyQ,2026-04,40.74981820013983,-73.97616054012587,4,2026,True,0.555390981648006,119
east_40th_street_022,40.749734,-73.975959,east_40th_street,mid_block,OK,mUsUG2Ug_lpmhylz_lms9w,2026-04,40.7497276677752,-73.9759461214695,4,2026,True,1.2933250833846934,119
east_40th_street_023,40.749646,-73.975752,east_40th_street,mid_block,OK,s-DKhMwGsyTo3WQN4fQt3Q,2026-04,40.74963684404221,-73.97573071612113,4,2026,True,2.0618046441981184,119
east_40th_street_024,40.749558,-73.975545,east_40th_street,mid_block,OK,i_PM384mFuTPJX1jyt28BQ,2026-04,40.7495442160878,-73.975511633748,4,2026,True,3.2014424398600423,119
east_40th_street_025,40.749471,-73.975338,east_40th_street,mid_block,OK,pLr5cA2oCJ8YD_WqvyOoOA,2026-04,40.7494567544193,-73.97530716859836,4,2026,True,3.042121314176536,119
east_40th_street_026,40.749383,-73.975131,east_40th_street,mid_block,OK,GJ9wP8jDMzbTgvRxAIRf1g,2026-04,40.74938420926289,-73.97513713951899,4,2026,True,0.5343758603127382,119
east_40th_street_027,40.749296,-73.974924,east_40th_street,mid_block,OK,eVRW3mr1oL2ycdGB68L1HQ,2026-04,40.74929371479175,-73.97492406489094,4,2026,True,0.2541623531446236,119
east_40th_street_028,40.749208,-73.974717,east_40th_street,mid_block,OK,nBVdSu5SBIx7IbbX865bSw,2026-04,40.74920511273357,-73.97471529457198,4,2026,True,0.3517266266286351,119
east_40th_street_029,40.74912,-73.974511,east_40th_street,mid_block,OK,FiUObgVak8W1qo2Wto8lkA,2026-04,40.74915109979591,-73.97450060527065,4,2026,True,3.5672773503868793,119
east_40th_street_030,40.749032,-73.974304,east_40th_street,mid_block,OK,VHLVCBVPHGZSZCqwoOsbUQ,2026-04,40.74904213871502,-73.97432842320177,4,2026,True,2.3460112980805583,119
east_40th_street_031,40.748945,-73.974096,east_40th_street,mid_block,OK,qo3itGneIffjWuppasHCZg,2026-04,40.74895310012714,-73.97411552703483,4,2026,True,1.875380027952569,119
east_40th_street_032,40.748858,-73.973889,east_40th_street,mid_block,OK,yQGJCDk90s5onlv-Dvk8Mw,2026-04,40.74886585313391,-73.97390675583871,4,2026,True,1.7319755904109333,119
east_40th_street_033,40.74877,-73.973682,east_40th_street,mid_block,OK,AoXEfrHmkX7Tcccf9szk_g,2026-04,40.74877078011762,-73.97367951064531,4,2026,True,0.22693403939417645,119
east_40th_street_034,40.748683,-73.973475,east_40th_street,mid_block,OK,J2DpK6enPyzjzFzpi7ZQyg,2026-04,40.74868069215888,-73.97346401308106,4,2026,True,0.9604453958285797,119
east_40th_street_035,40.748597,-73.973266,east_40th_street,mid_block,OK,zGY65vqC1dgvrgWBeU7H9g,2026-04,40.74859106768985,-73.97324806688201,4,2026,True,1.6484098636884637,119
east_40th_street_036,40.748512,-73.973057,east_40th_street,mid_block,OK,vzsq9e6pohoVE2RHcQoWhA,2026-04,40.74849850079715,-73.97302467709973,4,2026,True,3.109193451602571,119
east_40th_street_037,40.748426,-73.972849,east_40th_street,mid_block,OK,ocTeagFTwNcZT55BmgicvA,2026-04,40.74840943476276,-73.9728121382063,4,2026,True,3.6104313329296294,119
east_40th_street_038,40.748339,-73.972642,east_40th_street,mid_block,OK,DC5LK6H-YpnfnCGmqaAHfg,2026-04,40.74831824802433,-73.97259475641178,4,2026,True,4.600352358222592,119
east_40th_street_039,40.748252,-73.972435,east_40th_street,mid_block,OK,qorvV3HqxTNmRDyckXtNsA,2026-04,40.74823088502801,-73.9723862526035,4,2026,True,4.7302809299155495,119
east_40th_street_040,40.748164,-73.972228,east_40th_street,mid_block,OK,V8rnjUs3F1xTT4OYDJeVkg,2026-04,40.74815086646722,-73.97219442890042,4,2026,True,3.182830961523294,119
east_40th_street_041,40.748077,-73.972021,east_40th_street,mid_block,OK,updHMFKklHgYSFOMmYYSRA,2026-04,40.74806558995206,-73.97198682145147,4,2026,True,3.146341294999032,119
east_40th_street_042,40.747989,-73.971813,east_40th_street,mid_block,OK,yN_r5otzTcWQQU4EVphluQ,2026-04,40.74797755563905,-73.9717762543588,4,2026,True,3.3468208574907865,119
east_40th_street_043,40.747902,-73.971606,east_40th_street,mid_block,OK,K1Z2mFefxCULlCv1Oc7vCg,2026-04,40.74789061543125,-73.97157286139475,4,2026,True,3.065213922924555,119
east_40th_street_044,40.747815,-73.971399,east_40th_street,mid_block,OK,zRjvWAoE1WhfzbKhKY5BgQ,2026-04,40.74780044603487,-73.97136319064519,4,2026,True,3.4232692448081523,119
east_40th_street_045,40.747727,-73.971192,east_40th_street,mid_block,OK,BVOSu24kI0QSScVKoU7uwQ,2026-04,40.74773413864432,-73.97121270824707,4,2026,True,1.9165743333626613,119
east_40th_street_046,40.74764,-73.970985,east_40th_street,mid_block,OK,iBfjzNckTRLrw67StkRXmQ,2026-04,40.747643210337,-73.97100088479131,4,2026,True,1.384936966928722,119
east_41st_street_001,40.752183,-73.979878,east_41st_street,mid_block,OK,vGOsj__G-bfaWxGO5947Eg,2026-04,40.75219888964967,-73.97985610809455,4,2026,True,2.553878641511748,119
east_41st_street_002,40.752099,-73.979668,east_41st_street,mid_block,OK,LsbiJr1q_XVEaUFJS53Q1w,2026-04,40.75212223511866,-73.97967406649208,4,2026,True,2.6336781315527036,119
east_41st_street_003,40.752013,-73.97946,east_41st_street,mid_block,OK,_gJuQQh53nXMXVsO3AqLJw,2026-04,40.75203865996285,-73.97947991848471,4,2026,True,3.3100139898995593,119
east_41st_street_004,40.751927,-73.979252,east_41st_street,mid_block,OK,Fu1X1KHu9SZUacNqSUd7xQ,2026-04,40.75194899023506,-73.97927204986964,4,2026,True,2.971766568596775,119
east_41st_street_005,40.75184,-73.979044,east_41st_street,mid_block,OK,kVPsP_zbhQaHWlACovLAlA,2026-04,40.75185879032456,-73.97906310491791,4,2026,True,2.6373098465641847,119
east_41st_street_006,40.751753,-73.978837,east_41st_street,mid_block,OK,Hy_Q9B9xj6PAzT07T2WGbg,2026-04,40.75176971302352,-73.97885676034574,4,2026,True,2.494849867034546,119
east_41st_street_007,40.751665,-73.97863,east_41st_street,mid_block,OK,u1rnPjRS1493VicEoQTPQA,2026-04,40.75167893151077,-73.97864638012372,4,2026,True,2.074501414505408,119
east_41st_street_008,40.751578,-73.978423,east_41st_street,mid_block,OK,xZsCrE8PEyFjB4xn48nP6w,2026-04,40.75158775782467,-73.97843483387979,4,2026,True,1.4734118241749774,119
east_41st_street_009,40.751491,-73.978215,east_41st_street,mid_block,OK,03adPYSS-9RFJd85ta395A,2026-04,40.75149706550049,-73.97822561898914,4,2026,True,1.120271996076009,119
east_41st_street_010,40.751401,-73.97801,east_41st_street,mid_block,OK,BL3VgrHdbgW5Uwf8UEJtbQ,2026-04,40.75141728092979,-73.97804438293117,4,2026,True,3.4155164848982142,119
east_41st_street_011,40.751312,-73.977804,east_41st_street,mid_block,OK,F_PbT_aIoyeIdXG1XDCC3A,2026-04,40.75132706135921,-73.97783319473128,4,2026,True,2.975337434001455,119
east_41st_street_012,40.751226,-73.977596,east_41st_street,mid_block,OK,Mqy-oaNO16Slnzv1iwgakg,2026-04,40.75123685198056,-73.97762101985613,4,2026,True,2.428565978451383,119
east_41st_street_013,40.751141,-73.977388,east_41st_street,mid_block,OK,ACyyWiJj0A3-qGo5rEarlg,2026-04,40.75114804232499,-73.97741180408013,4,2026,True,2.1526407271105037,119
east_41st_street_014,40.751055,-73.977179,east_41st_street,mid_block,OK,4IknqOIoaSLO4JJPls20WA,2026-04,40.7510533511274,-73.97718877783943,4,2026,True,0.843806544855783,119
east_41st_street_015,40.750966,-73.976973,east_41st_street,mid_block,OK,SMbGA6BmvAl2Qe0r8wa7EA,2026-04,40.75096326554647,-73.97697642289944,4,2026,True,0.4190300312126082,119
east_41st_street_016,40.750878,-73.976767,east_41st_street,mid_block,OK,XN_xOV9DKAh6v0mBoRj1Kg,2026-04,40.75087693340736,-73.97676926899476,4,2026,True,0.2249382077875499,119
east_41st_street_017,40.750792,-73.976558,east_41st_street,mid_block,OK,LZaqgmmoVFhsYx7CIbcWUQ,2026-04,40.75077581906812,-73.97655198134764,4,2026,True,1.8693031057825786,119
east_41st_street_018,40.750706,-73.97635,east_41st_street,mid_block,OK,SW5SMjGAWs5DzgPY6NCnMQ,2026-04,40.75067755007183,-73.97630536898691,4,2026,True,4.913445874572147,119
east_41st_street_019,40.750619,-73.976143,east_41st_street,mid_block,OK,FAexfmTQdeaPd4s5uUXLsg,2026-04,40.75063294328798,-73.97619775622132,4,2026,True,4.866082459971887,119
east_41st_street_020,40.750531,-73.975936,east_41st_street,mid_block,OK,er3fzhhfFBlUYgxmA5d6rw,2026-04,40.75054405737938,-73.97598324792901,4,2026,True,4.236570849050085,119
east_41st_street_021,40.750444,-73.975729,east_41st_street,mid_block,OK,ElsCnyZMOhwKw9E0JYfEPQ,2026-04,40.75045354248294,-73.97576470390862,4,2026,True,3.189269550098005,119
east_41st_street_022,40.750357,-73.975521,east_41st_street,mid_block,OK,SHL2ZxrG5cfx_6YpUGIgFg,2026-04,40.75036792426155,-73.97555781773198,4,2026,True,3.3308122172707617,119
east_41st_street_023,40.75027,-73.975314,east_41st_street,mid_block,OK,jbsXwpqy70FGNe-u8iRcIg,2026-04,40.75027912159191,-73.9753481513234,4,2026,True,3.050371669087436,119
east_41st_street_024,40.750182,-73.975107,east_41st_street,mid_block,OK,OpVDVXWCP3ZSYWzw4SF2Lg,2026-04,40.75019141408456,-73.97513982985369,4,2026,True,2.9569814950700444,119
east_41st_street_025,40.750094,-73.974901,east_41st_street,mid_block,OK,7F-rf9k2_oLNBG6pwM0Q8w,2026-04,40.7501400357055,-73.9749160835556,4,2026,True,5.27427072822208,119
east_41st_street_026,40.750005,-73.974694,east_41st_street,mid_block,OK,FYZvaFUdKE7MZaioJsn_6A,2026-04,40.75002126144583,-73.97472946369874,4,2026,True,3.4919798249840257,119
east_41st_street_027,40.749918,-73.974487,east_41st_street,mid_block,OK,alyyCGTb0ZDhsQ5FmDfXpg,2026-04,40.74993284653286,-73.97451988606564,4,2026,True,3.2248350577251452,119
east_41st_street_028,40.74983,-73.97428,east_41st_street,mid_block,OK,66tEhwNdMIRA0us4zyU9-w,2026-04,40.74984520083493,-73.97431201209028,4,2026,True,3.182566701131088,119
east_41st_street_029,40.749743,-73.974073,east_41st_street,mid_block,OK,9rZJuwIL2XiMHVRsWEwO2A,2026-04,40.74971312899729,-73.97409759137395,4,2026,True,3.9145356885108678,119
east_41st_street_030,40.749655,-73.973866,east_41st_street,mid_block,OK,TaO4spwnTy2SNEf5gcwC3A,2026-04,40.74965117517743,-73.97385088618897,4,2026,True,1.3423126606026572,119
east_41st_street_031,40.749568,-73.973658,east_41st_street,mid_block,OK,5hWRp8smFDCi2gJuCGRAbw,2026-04,40.74956396856835,-73.97364345988359,4,2026,True,1.3042841630963764,119
east_41st_street_032,40.749482,-73.973451,east_41st_street,mid_block,OK,wr68ijXJR8gI_ah42wPuxw,2026-04,40.74947769575305,-73.97343836499867,4,2026,True,1.1670064751833784,119
east_41st_street_033,40.749395,-73.973243,east_41st_street,mid_block,OK,RrquuQxi9W1jTgrWDoLzeg,2026-04,40.74938797629861,-73.97322492977489,4,2026,True,1.71086559632075,119
east_41st_street_034,40.749308,-73.973035,east_41st_street,mid_block,OK,Oa4o3qXVUYgWm9K4x-IcXQ,2026-04,40.74930240332243,-73.97301839958303,4,2026,True,1.5306143431444235,119
east_41st_street_035,40.74922,-73.972829,east_41st_street,mid_block,OK,wDtwAO7Bb2RK3wcgYYiCPA,2026-04,40.74921617914327,-73.97280675747177,4,2026,True,1.9212396188379983,119
east_41st_street_036,40.749131,-73.972623,east_41st_street,mid_block,OK,3J-gJBsOPml3WXlld0aOHw,2026-04,40.74912862621934,-73.97259690870798,4,2026,True,2.213683657276028,119
east_41st_street_037,40.749044,-73.972416,east_41st_street,mid_block,OK,BwV6L_DChJNe2zuTBr-qxQ,2026-04,40.74903805011838,-73.97238329319298,4,2026,True,2.833496512600512,119
east_41st_street_038,40.748956,-73.972209,east_41st_street,mid_block,OK,1HxjwHLCooXDm27J1S5_zQ,2026-04,40.74895234671567,-73.97218169445426,4,2026,True,2.335779534364572,119
east_41st_street_039,40.748868,-73.972002,east_41st_street,mid_block,OK,G4mgzUrhVz4MgRHrBGscHQ,2026-04,40.74885910688339,-73.9719620699653,4,2026,True,3.506004189256643,119
east_41st_street_040,40.74878,-73.971795,east_41st_street,mid_block,OK,V52trPnLooZDwLhfAWX8zQ,2026-04,40.74876553845427,-73.97174172779054,4,2026,True,4.767004225243274,119
east_41st_street_041,40.748693,-73.971588,east_41st_street,mid_block,OK,LSuMnKXIsFjntyJvaMLBpA,2026-04,40.74867694258218,-73.9715330436994,4,2026,True,4.961852710694613,119
east_41st_street_042,40.748605,-73.971381,east_41st_street,mid_block,OK,7CmGe1MeobkMVpIEeHdNpA,2026-04,40.74863224738217,-73.97142802897237,4,2026,True,4.987425938492758,119
east_41st_street_043,40.748517,-73.971174,east_41st_street,mid_block,OK,BRmZt-G4YaBOjPd4wljaLA,2026-04,40.74851264941614,-73.97114598657403,4,2026,True,2.4089055582323966,119
east_41st_street_044,40.748429,-73.970968,east_41st_street,mid_block,OK,BbTm7q5sDV9IyO3uoEYIrA,2026-04,40.74843875414317,-73.97092564346536,4,2026,True,3.7292936425225602,119
east_41st_street_045,40.748341,-73.970761,east_41st_street,mid_block,OK,-UuHfZxyLSnkrSY4QaEJ0A,2017-11,40.74833755779228,-73.97072485031936,11,2017,False,3.069190646752363,119
east_41st_street_046,40.748054,-73.970072,east_41st_street,mid_block,OK,FPQ2tXIGJoWuAAOQixCNag,2017-09,40.74805906008433,-73.97008632851716,9,2017,False,1.3317311445784281,119
east_42nd_street_001,40.752856,-73.979386,east_42nd_street,mid_block,OK,TXqKzQiBZkOMYwRWyHeBHg,2026-04,40.75286461299805,-73.97939876186925,4,2026,True,1.4397268163170391,119
east_42nd_street_002,40.752766,-73.979181,east_42nd_street,mid_block,OK,f7D_IMdlIjWItkwGRHVf0A,2026-04,40.75276969421768,-73.9791852435825,4,2026,True,0.5445288961578709,119
east_42nd_street_003,40.752679,-73.978973,east_42nd_street,mid_block,OK,OHaqv5nJ8YdTFRFXHUTiwQ,2026-04,40.75267568813727,-73.9789696625098,4,2026,True,0.46330474855600867,119
east_42nd_street_004,40.752584,-73.978772,east_42nd_street,mid_block,OK,m8xyW-y2bimjZgucWZCY8w,2026-04,40.75258068181541,-73.9787634971896,4,2026,True,0.8056773808976159,119
east_42nd_street_005,40.752489,-73.97857,east_42nd_street,mid_block,OK,W7qp8RPwbo4f2Li9OZKGog,2026-04,40.75247809750488,-73.97852998039643,4,2026,True,3.5823815293482486,119
east_42nd_street_006,40.752403,-73.978362,east_42nd_street,mid_block,OK,Cr5ds2YGKoUoIiBsdXbHhg,2026-04,40.75237987309957,-73.9783101838009,4,2026,True,5.06593889322716,119
east_42nd_street_007,40.752316,-73.978155,east_42nd_street,mid_block,OK,CAoSF0NJSE0wb2dLRUlDQWdJQzYxcF95bFFF,2013-01,40.75232518370432,-73.97819100390171,1,2013,False,3.2000776132533173,119
east_42nd_street_008,40.752229,-73.977947,east_42nd_street,mid_block,OK,6lgZa5a4e3HYshaHKW2mcQ,2026-04,40.75224735942615,-73.97799649569089,4,2026,True,4.642223811454308,119
east_42nd_street_009,40.752143,-73.977739,east_42nd_street,mid_block,OK,t3xm6w6DCeEG3FWmuzXCZA,2026-04,40.75216006553957,-73.97778414164273,4,2026,True,4.2496855698191025,119
east_42nd_street_010,40.752057,-73.977531,east_42nd_street,mid_block,OK,zlFALrkqgRcIv3MPQoHLCw,2026-04,40.7520739676042,-73.97757331186381,4,2026,True,4.032704135107199,119
east_42nd_street_011,40.751971,-73.977323,east_42nd_street,mid_block,OK,hIX0mTURLesMJEj2RtItrA,2026-04,40.75198777386363,-73.97735862575189,4,2026,True,3.533332582824894,119
east_42nd_street_012,40.751884,-73.977115,east_42nd_street,mid_block,OK,2fIDodg8kSw_txslM7pxlw,2026-04,40.75189961973206,-73.97714393940034,4,2026,True,2.993163154823509,119
east_42nd_street_013,40.751798,-73.976908,east_42nd_street,mid_block,OK,o9hCfMy1pA46ebz3Pgk-RQ,2026-04,40.75180877550541,-73.9769156219064,4,2026,True,1.3593543030101827,119
east_42nd_street_014,40.751711,-73.9767,east_42nd_street,mid_block,OK,GgKN3VA7Hhhf6WqU2v4EBQ,2026-04,40.75172137622081,-73.97670201118554,4,2026,True,1.166154410408952,119
east_42nd_street_015,40.751624,-73.976492,east_42nd_street,mid_block,OK,3fjvZn_1bix6Xkj8EYJ_rw,2026-04,40.75163332245339,-73.97648804151866,4,2026,True,1.0889188028109378,119
east_42nd_street_016,40.751537,-73.976285,east_42nd_street,mid_block,OK,3bMWgISwy0YPV-zMAd4xeg,2026-04,40.75154377020333,-73.97627254709978,4,2026,True,1.2911528725529,119
east_42nd_street_017,40.751449,-73.976078,east_42nd_street,mid_block,OK,nbiARjK75-J-Bg87W7j8AA,2026-04,40.75141069493132,-73.97608180339903,4,2026,True,4.271361656445445,119
east_42nd_street_018,40.751361,-73.975871,east_42nd_street,mid_block,OK,sRwO0NezLWyrhfbsJVnXmA,2026-04,40.75136328514675,-73.97586263174821,4,2026,True,0.7493039912441587,119
east_42nd_street_019,40.751274,-73.975664,east_42nd_street,mid_block,OK,wiMxb1HNkVK3rm9fCRmEQg,2026-04,40.75127401889793,-73.97565287599423,4,2026,True,0.937041535190671,119
east_42nd_street_020,40.751187,-73.975457,east_42nd_street,mid_block,OK,ZSbah7jnBpMQOueyyWLrmA,2026-04,40.75118604196197,-73.9754474245402,4,2026,True,0.8136016183311793,119
east_42nd_street_021,40.751099,-73.97525,east_42nd_street,mid_block,OK,wYzKUOco4UAuRbgiKrnuNg,2026-04,40.75109248011322,-73.97523874446688,4,2026,True,1.193535532885069,119
east_42nd_street_022,40.751012,-73.975043,east_42nd_street,mid_block,OK,VG0Swmv2QyQDFfh3ryOqVw,2026-04,40.75100108172573,-73.97502513188408,4,2026,True,1.9337481028017156,119
east_42nd_street_023,40.750925,-73.974835,east_42nd_street,mid_block,OK,nLsp0w1WEM0ondNFajsQeA,2026-04,40.75091066927749,-73.97480838033496,4,2026,True,2.7508802879948773,119
east_42nd_street_024,40.750837,-73.974628,east_42nd_street,mid_block,OK,qO6KlF_Wbd2tU5_-wn0cJw,2026-04,40.75081681028903,-73.97458328848022,4,2026,True,4.384663226729576,119
east_42nd_street_025,40.750751,-73.97442,east_42nd_street,mid_block,OK,3TQKJ0m1QhUjczhyHgO25Q,2026-04,40.75077492059101,-73.97445235843563,4,2026,True,3.808484417937816,119
east_42nd_street_026,40.750665,-73.974212,east_42nd_street,mid_block,OK,ji8gjBaIITCNuwWjl2y65Q,2026-04,40.75066735509542,-73.97422789391219,4,2026,True,1.3642187201085314,119
east_42nd_street_027,40.75058,-73.974003,east_42nd_street,mid_block,OK,TbA10hZdfO13EspcY_tkEg,2026-04,40.75057879965036,-73.97401732927105,4,2026,True,1.2144069100028638,119
east_42nd_street_028,40.750495,-73.973794,east_42nd_street,mid_block,OK,2uH-ZA1NXySVaG9SuRwYlg,2026-04,40.75049207521493,-73.97380532954442,4,2026,True,1.0082557614717504,119
east_42nd_street_029,40.75041,-73.973585,east_42nd_street,mid_block,OK,f5jFiWiRAWYp5OqpqvKmhQ,2026-04,40.75040491404319,-73.97358866629995,4,2026,True,0.6443661935232633,119
east_42nd_street_030,40.750324,-73.973377,east_42nd_street,mid_block,OK,NiKQvuF5jKFCzGcLjMkH3Q,2026-04,40.75031976400993,-73.97338563396539,4,2026,True,0.8665012588964786,119
east_42nd_street_031,40.750237,-73.97317,east_42nd_street,mid_block,OK,bjEIRgA8g1IIb4Cxm7HXDw,2026-04,40.750228122549,-73.97316556245627,4,2026,True,1.0555337392326563,119
east_42nd_street_032,40.75015,-73.972962,east_42nd_street,mid_block,OK,m7pvtTtlRaVXbvpBKseHig,2026-04,40.75013751031249,-73.9729516785358,4,2026,True,1.6385001762264126,119
east_42nd_street_033,40.750065,-73.972754,east_42nd_street,mid_block,OK,WA7RJwEozgpe3z3pjPMHmQ,2026-04,40.7500484146903,-73.97274263704044,4,2026,True,2.0778078675307445,119
east_42nd_street_034,40.749979,-73.972545,east_42nd_street,mid_block,OK,MqOv5TWTs9ExPAe-MysaBA,2026-04,40.74995816142059,-73.97252651067403,4,2026,True,2.7919424626755216,119
east_42nd_street_035,40.749893,-73.972338,east_42nd_street,mid_block,OK,DI-Ao3UGS9RV5d6-LR9cWw,2026-04,40.74986986441203,-73.97230876984041,4,2026,True,3.561021022878968,119
east_42nd_street_036,40.749803,-73.972132,east_42nd_street,mid_block,OK,yo_XWlVNuKjq1KdQ_aPrFQ,2026-04,40.74979481697927,-73.97210788845754,4,2026,True,2.225601400260701,119
east_42nd_street_037,40.749713,-73.971927,east_42nd_street,mid_block,OK,OE2UaWfWPNximZhQ_Nvv5Q,2026-04,40.74970706997869,-73.97189561758995,4,2026,True,2.7245783627048845,119
east_42nd_street_038,40.749625,-73.97172,east_42nd_street,mid_block,OK,nbtvDeIRXnjYlleDwQEguA,2026-04,40.74961558410365,-73.97169258346972,4,2026,True,2.5357533382302067,119
east_42nd_street_039,40.749537,-73.971513,east_42nd_street,mid_block,OK,OzCDuRUto94bfaqQSmveCQ,2026-04,40.74952314225207,-73.971482823171,4,2026,True,2.97259983579464,119
east_42nd_street_040,40.74945,-73.971306,east_42nd_street,mid_block,OK,YQuEwZcklYOwsbCWNR2Kgg,2026-04,40.74943448177337,-73.97127315232338,4,2026,True,3.2609732265759828,119
east_42nd_street_041,40.749362,-73.971099,east_42nd_street,mid_block,OK,GAcB-4wTdknbsKT03h46kg,2026-04,40.74936888245663,-73.97111809619041,4,2026,True,1.7813929403206692,119
east_42nd_street_042,40.749275,-73.970892,east_42nd_street,mid_block,OK,n1u6NEIEb_-6GBxgkeMnEw,2026-04,40.7492775487791,-73.97090394095588,4,2026,True,1.0450494004940905,119
east_42nd_street_043,40.749187,-73.970685,east_42nd_street,mid_block,OK,n2FwwrfcEh3xg-EyChDJ5A,2026-04,40.74918732517092,-73.97069229652026,4,2026,True,0.6157098646500491,119
east_42nd_street_044,40.7491,-73.970478,east_42nd_street,mid_block,OK,GVtoo24fB3xBUzq9O9q60w,2026-04,40.7491015837057,-73.9704856739316,4,2026,True,0.6699975717104472,119
east_42nd_street_045,40.749012,-73.970271,east_42nd_street,mid_block,OK,_COazMYRwFmHfJoc0lnAnw,2026-04,40.74901023048137,-73.97026873791091,4,2026,True,0.2739094874836967,119
east_42nd_street_046,40.748925,-73.970064,east_42nd_street,mid_block,OK,D6-FLOKD12pKMuD9Jk5AEg,2026-04,40.74891858054343,-73.97005449205167,4,2026,True,1.0728594025236564,119
east_42nd_street_047,40.748833,-73.96986,east_42nd_street,mid_block,OK,Tx_tS7rHF9BF5OioeppR5A,2026-04,40.74881066692696,-73.96988176792465,4,2026,True,3.0869687394486878,119
east_42nd_street_048,40.748711,-73.969704,east_42nd_street,mid_block,OK,Knaf1qYcqkmuT3dquz8CQA,2022-07,40.74868178519478,-73.96965272437296,7,2022,False,5.404655092241796,119
lexington_avenue_001,40.746378,-73.979765,lexington_avenue,avenue,OK,3qXV_ebiOkxVN1TwoXAayg,2026-04,40.74638389400145,-73.97975486428865,4,2026,True,1.076378485432958,29
lexington_avenue_002,40.746535,-73.979649,lexington_avenue,avenue,OK,L4lHYt1rr-AAdPaOhV2N6g,2026-04,40.74654832099142,-73.97963012538979,4,2026,True,2.1730690918071573,29
lexington_avenue_003,40.746692,-73.979535,lexington_avenue,avenue,OK,kcwr9bFeAnOjYKWv44f5iw,2026-04,40.74670515750043,-73.97950502770686,4,2026,True,2.918165938711082,29
lexington_avenue_004,40.74685,-73.979421,lexington_avenue,avenue,OK,g0O4vqL2Y7BHHstWJ-g43g,2026-04,40.74686100658226,-73.9793830685971,4,2026,True,3.4217554639504315,29
lexington_avenue_005,40.747009,-73.979308,lexington_avenue,avenue,OK,Pca_c5E00Uh5n3FLbeB2Gg,2026-04,40.74701907475582,-73.979265593205,4,2026,True,3.7439301054823955,29
lexington_avenue_006,40.747166,-73.979192,lexington_avenue,avenue,OK,oMgcqGZ9smvUIqZRGSHeRg,2026-04,40.74718002878721,-73.97915304991852,4,2026,True,3.633126084993264,29
lexington_avenue_007,40.747323,-73.979076,lexington_avenue,avenue,OK,nSHZwBiGFhE6UL7wQEQlQw,2026-04,40.7473490017987,-73.9790290280373,4,2026,True,4.9007054586629595,29
lexington_avenue_008,40.74748,-73.978961,lexington_avenue,avenue,OK,iq3sn94G3VM4ea6c-IDZ4g,2026-04,40.74750993152762,-73.97891101437249,4,2026,True,5.36731981779429,29
lexington_avenue_009,40.747638,-73.978845,lexington_avenue,avenue,OK,jbMth03q1joo3QNQ1o2w0Q,2026-04,40.74759300563954,-73.97884994496279,4,2026,True,5.020456448482744,29
lexington_avenue_010,40.747796,-73.978733,lexington_avenue,avenue,OK,6jO9dP_sGtKNg81KV1mOcw,2026-04,40.74776081428303,-73.9787357872624,4,2026,True,3.919512405348993,29
lexington_avenue_011,40.747954,-73.978618,lexington_avenue,avenue,OK,Vt3N9Hn27CbOjrCBBqndkA,2026-04,40.74792088288054,-73.97862180884663,4,2026,True,3.696407595251377,29
lexington_avenue_012,40.748111,-73.978503,lexington_avenue,avenue,OK,v1Cbp39WU6PMRRw_DMDmBg,2026-04,40.74808181212922,-73.97850487104694,4,2026,True,3.2493681440727795,29
lexington_avenue_013,40.748268,-73.978387,lexington_avenue,avenue,OK,6v4mi_poeq2vuU9xWPn1tg,2026-04,40.74824297955907,-73.97838802285244,4,2026,True,2.7834800588834785,29
lexington_avenue_014,40.748421,-73.978263,lexington_avenue,avenue,OK,pye5Ty8QS85oI4lkxJU9UQ,2026-04,40.74840542120793,-73.97827431325963,4,2026,True,1.977132853660926,29
lexington_avenue_015,40.748579,-73.978148,lexington_avenue,avenue,OK,iOz4S2ypqI7sZ7jpN3QRWg,2026-04,40.74856708740624,-73.97815620945521,4,2026,True,1.4942792215989218,29
lexington_avenue_016,40.748736,-73.978033,lexington_avenue,avenue,OK,C5nnvbkO4CDIm2eg-EyNRQ,2026-04,40.74872835151357,-73.97803846428415,4,2026,True,0.9670499144562004,29
lexington_avenue_017,40.748894,-73.977918,lexington_avenue,avenue,OK,M85v_MAOD1YdWs52ZQLREg,2026-04,40.74889357971851,-73.97791784939211,4,2026,True,0.04842468088833639,29
lexington_avenue_018,40.749052,-73.977804,lexington_avenue,avenue,OK,ELGtaRPhHJz_gvJhCvuzww,2026-04,40.74905580861996,-73.97779947633903,4,2026,True,0.5697047305847319,29
lexington_avenue_019,40.749209,-73.97769,lexington_avenue,avenue,OK,0U_YL4BqLT6PCQoCPUQp3g,2026-04,40.74921419732074,-73.97768379351221,4,2026,True,0.7793150825641401,29
lexington_avenue_020,40.749367,-73.977575,lexington_avenue,avenue,OK,WYyorQeJhw5eZOPDmyLoXw,2026-04,40.74937095440248,-73.97756936608947,4,2026,True,0.6469779515531098,29
lexington_avenue_021,40.749525,-73.97746,lexington_avenue,avenue,OK,kOJmCPU6jeyhiUX5eTNCoQ,2026-04,40.74953235298041,-73.97745153088236,4,2026,True,1.0851096182612399,29
lexington_avenue_022,40.749682,-73.977346,lexington_avenue,avenue,OK,CjMg2Wi60qaj-fLgkYM4Ug,2026-04,40.74969627157209,-73.97733127432946,4,2026,True,2.0142171821017314,29
lexington_avenue_023,40.74984,-73.977231,lexington_avenue,avenue,OK,V6TZu_4-h7cnwZoYNVm4tg,2026-04,40.74986509487996,-73.97720734095014,4,2026,True,3.4290574661302577,29
lexington_avenue_024,40.749998,-73.977116,lexington_avenue,avenue,OK,fZUi2xh3a0VDfWCpxiqwNQ,2026-04,40.75003267718113,-73.97708529070624,4,2026,True,4.643281826492908,29
lexington_avenue_025,40.750155,-73.977002,lexington_avenue,avenue,OK,wirGGI_nltRT_ObxW-5AEQ,2026-04,40.7501303640341,-73.97701462528347,4,2026,True,2.9385972015288577,29
lexington_avenue_026,40.750313,-73.976886,lexington_avenue,avenue,OK,g1TIRMFNxyyDk1MJ4CJ2Jg,2026-04,40.75029315845549,-73.97689921101559,4,2026,True,2.471055759093792,29
lexington_avenue_027,40.75047,-73.976771,lexington_avenue,avenue,OK,6pGkWXfDNO6dkE2MGY3ayA,2026-04,40.75045144916687,-73.97678765279186,4,2026,True,2.4945457586642257,29
lexington_avenue_028,40.750627,-73.976655,lexington_avenue,avenue,OK,NNffdzYe-9uIGFdQfBhLnA,2026-04,40.75061418710843,-73.97666972742873,4,2026,True,1.8891562058884144,29
lexington_avenue_029,40.750785,-73.97654,lexington_avenue,avenue,OK,LZaqgmmoVFhsYx7CIbcWUQ,2026-04,40.75077581906812,-73.97655198134764,4,2026,True,1.435548214020137,29
lexington_avenue_030,40.750942,-73.976424,lexington_avenue,avenue,OK,Nx_CXrKvrwz3LUUFAaxzfQ,2026-04,40.75093934035477,-73.97643055842846,4,2026,True,0.6266341550733274,29
lexington_avenue_031,40.751099,-73.976308,lexington_avenue,avenue,OK,zt4UqpoPIi3yNvFM98jisg,2026-04,40.75110093162579,-73.97631200510548,4,2026,True,0.3999433477968225,29
lexington_avenue_032,40.751256,-73.976191,lexington_avenue,avenue,OK,LkQkeM9q_yCNkyL0eEFwVA,2026-04,40.75126000156587,-73.97619587299738,4,2026,True,0.605374574662486,29
lexington_avenue_033,40.751412,-73.976075,lexington_avenue,avenue,OK,nbiARjK75-J-Bg87W7j8AA,2026-04,40.75141069493132,-73.97608180339903,4,2026,True,0.591176134749715,29
lexington_avenue_034,40.75157,-73.97596,lexington_avenue,avenue,OK,s_OJW1xjZoASlIUekJAHUQ,2026-04,40.75156874120329,-73.97596324986114,4,2026,True,0.3074621858538409,29
madison_avenue_001,40.747694,-73.983018,madison_avenue,avenue,OK,0pm5gYHMr2SK0UHVegI5PQ,2026-04,40.74769850731607,-73.98301687881697,4,2026,True,0.5100124240605949,29
madison_avenue_002,40.74785,-73.982901,madison_avenue,avenue,OK,1s8V7mnBoLuS23ExO1N1CQ,2026-04,40.74786640287769,-73.98289160399003,4,2026,True,1.9882599366901224,29
madison_avenue_003,40.748007,-73.982785,madison_avenue,avenue,OK,Xd6sgl0dEteQhsNqrQ492g,2026-04,40.7480313155767,-73.98277081279466,4,2026,True,2.9561288939889248,29
madison_avenue_004,40.748164,-73.982669,madison_avenue,avenue,OK,cXetDvVhf4fi-7uWiArQhA,2026-04,40.74819491074316,-73.98265136663814,4,2026,True,3.744366164642233,29
madison_avenue_005,40.748322,-73.982553,madison_avenue,avenue,OK,Y2v2611i4bl2dZ6INw5XpA,2026-04,40.7483552430672,-73.98253443128986,4,2026,True,4.013801132940307,29
madison_avenue_006,40.74848,-73.982441,madison_avenue,avenue,OK,2BvplyV8UsV0CKUVaj4LlA,2026-04,40.74852055594047,-73.98241381921882,4,2026,True,5.057598632668155,29
madison_avenue_007,40.748638,-73.982326,madison_avenue,avenue,OK,ZByGY50ZuYl_Hx_RixghOQ,2026-04,40.74859965483149,-73.98235606887695,4,2026,True,4.9594211146876175,29
madison_avenue_008,40.748795,-73.982211,madison_avenue,avenue,OK,gvOxGY-QcFb96K9DATPyBg,2026-04,40.74883450392551,-73.98218470091251,4,2026,True,4.919682379100494,29
madison_avenue_009,40.748953,-73.982096,madison_avenue,avenue,OK,lixmav_aQqPqRvASupnnXA,2026-04,40.7489920980849,-73.98206973812125,4,2026,True,4.8780070840654615,29
madison_avenue_010,40.74911,-73.98198,madison_avenue,avenue,OK,B8_YjTLlNoNFCo8Ilvez-Q,2026-04,40.74911326673409,-73.98198122927955,4,2026,True,0.37771622608894684,29
madison_avenue_011,40.749267,-73.981864,madison_avenue,avenue,OK,rwmrUclQdkQzqQh-DAVGig,2026-04,40.74927088414864,-73.98186590766784,4,2026,True,0.46082494844086785,29
madison_avenue_012,40.749424,-73.981748,madison_avenue,avenue,OK,JUjZ_V6A5MgqIwnqLHa2Zw,2026-04,40.74943200477688,-73.98174977891424,4,2026,True,0.9026167345835,29
madison_avenue_013,40.749581,-73.981632,madison_avenue,avenue,OK,-D5xt9FuCuKtZXHidT_c7Q,2026-04,40.74959477915312,-73.98163149789539,4,2026,True,1.5327556120232506,29
madison_avenue_014,40.749739,-73.981517,madison_avenue,avenue,OK,dnIsJumb_MxR6PHL7X11HQ,2026-04,40.74975145538522,-73.98151115428217,4,2026,True,1.469913162462379,29
madison_avenue_015,40.749896,-73.981403,madison_avenue,avenue,OK,M_nuCViyjL5VRz8PdnTuIg,2026-04,40.74990829072244,-73.98139565303855,4,2026,True,1.5002667698558927,29
madison_avenue_016,40.750054,-73.981289,madison_avenue,avenue,OK,1e95vMcfk8baami3T8E7zQ,2026-04,40.75007243762515,-73.98128015172551,4,2026,True,2.181456466532722,29
madison_avenue_017,40.750212,-73.981175,madison_avenue,avenue,OK,D33lkilfylGWD7rU0B-8Pw,2026-04,40.75024068702433,-73.98116859604362,4,2026,True,3.235144519352892,29
madison_avenue_018,40.750371,-73.981062,madison_avenue,avenue,OK,1_fWponcfc32C-bSUY1rFQ,2026-04,40.75041467484633,-73.9810422439109,4,2026,True,5.133649892484806,29
madison_avenue_019,40.750529,-73.980949,madison_avenue,avenue,OK,MxscpxbTHKUpbMQsEDGIxw,2026-04,40.75049209846512,-73.98098440348177,4,2026,True,5.072546478596325,29
madison_avenue_020,40.750687,-73.980836,madison_avenue,avenue,OK,Mvic7G0VY-IxUCmqW_VbhA,2026-04,40.75066587734506,-73.98085446422168,4,2026,True,2.8170361954337158,29
madison_avenue_021,40.750846,-73.980723,madison_avenue,avenue,OK,hR-EQb2DbV4GFp0mDNiN-Q,2026-04,40.75082328332294,-73.98073716907918,4,2026,True,2.793767260597747,29
madison_avenue_022,40.751003,-73.980607,madison_avenue,avenue,OK,sTB7LbyCqDIaAaC3Zap46A,2026-04,40.75098243918318,-73.98062211574677,4,2026,True,2.6169161941060364,29
madison_avenue_023,40.751161,-73.980493,madison_avenue,avenue,OK,sTvGhV0WnB-GA5sReTsE3Q,2026-04,40.75114277601581,-73.98050742104677,4,2026,True,2.3626304612959377,29
madison_avenue_024,40.751319,-73.98038,madison_avenue,avenue,OK,NyHAATmzSw0Rz35p3uIpPQ,2026-04,40.75130046711192,-73.98039586491637,4,2026,True,2.456153529856693,29
madison_avenue_025,40.751477,-73.980267,madison_avenue,avenue,OK,4kqh3wdHzdtIeU6ZTEFQDQ,2026-04,40.75147705004604,-73.98026924324942,4,2026,True,0.18904318756188176,29
madison_avenue_026,40.751634,-73.980149,madison_avenue,avenue,OK,gWCk8RaHAzWAxRbejrpn8w,2026-04,40.75161168305657,-73.98016306750972,4,2026,True,2.74994112429917,29
madison_avenue_027,40.751791,-73.980034,madison_avenue,avenue,OK,R2D66FWvihTJCVVHGNx8Aw,2026-04,40.75176949900843,-73.9800455029187,4,2026,True,2.5796887491463463,29
madison_avenue_028,40.751949,-73.979919,madison_avenue,avenue,OK,F-8wFYqsK1Yp7DT3ns6CRg,2026-04,40.75192948454483,-73.97992623441957,4,2026,True,2.253961454085284,29
madison_avenue_029,40.752106,-73.979804,madison_avenue,avenue,OK,kHna0nnlLbd9n7o3qYvMnA,2026-04,40.7520909112922,-73.97980544136044,4,2026,True,1.68217501348048,29
madison_avenue_030,40.752263,-73.979689,madison_avenue,avenue,OK,h8Xalkle41XwQgLbGFfqsA,2026-04,40.7522538260918,-73.97968133022435,4,2026,True,1.2074689069787463,29
madison_avenue_031,40.752421,-73.979573,madison_avenue,avenue,OK,KFv2fZjQmDIh4wvukP2p9A,2026-04,40.75241665864193,-73.97956726269334,4,2026,True,0.6830759419108376,29
madison_avenue_032,40.752578,-73.979458,madison_avenue,avenue,OK,iMIeg9HBeMQ84nuSRPEWlA,2026-04,40.75258370769886,-73.97945104287517,4,2026,True,0.8638462397774123,29
madison_avenue_033,40.752736,-73.979343,madison_avenue,avenue,OK,0gCuezC_DVG5q0tvFUHzYg,2026-04,40.75274192229978,-73.97934056224214,4,2026,True,0.689801885904111,29
madison_avenue_034,40.752892,-73.979226,madison_avenue,avenue,OK,wqKJbzOKsegxz0A2RET4gQ,2026-04,40.7528845566241,-73.97924936186655,4,2026,True,2.134828245898075,29
tudor_city_place_001,40.74793,-73.971307,tudor_city_place,mid_block,OK,qQE2Fc8kEFK1DyNq3Vq8xw,2021-05,40.74798863479582,-73.97128857721815,5,2021,False,6.70205119373805,119
tudor_city_place_002,40.748085,-73.971186,tudor_city_place,mid_block,OK,16XK7dWFDYfHneEdmKmrBg,2021-05,40.74813569735029,-73.9711738769536,5,2021,False,5.7290448019844264,119
tudor_city_place_003,40.74824,-73.971065,tudor_city_place,mid_block,OK,dBK3wbHpBYkDsE8v5_resA,2021-05,40.7482841140767,-73.97105810046405,5,2021,False,4.9395749170052765,119
tudor_city_place_004,40.748393,-73.970941,tudor_city_place,mid_block,OK,BbTm7q5sDV9IyO3uoEYIrA,2026-04,40.74843875414317,-73.97092564346536,4,2026,True,5.249517179611106,119
tudor_city_place_005,40.749019,-73.970473,tudor_city_place,mid_block,OK,EVXIEBaWPRXCTftXY_PA5Q,2026-04,40.74901143456908,-73.97050271312915,4,2026,True,2.6405787387006274,119
tudor_city_place_006,40.748861,-73.970587,tudor_city_place,mid_block,OK,vv7pbkNvNaXRwrk24rHv6g,2026-04,40.74884911434333,-73.97061929707199,4,2026,True,3.0246858415644406,119
tudor_city_place_007,40.748703,-73.9707,tudor_city_place,mid_block,OK,fCh1f_neXfy3b9ps_PBv6A,2026-04,40.74868487378253,-73.97073722614235,4,2026,True,3.727767288798093,119
tudor_city_place_008,40.749175,-73.970355,tudor_city_place,mid_block,OK,Z5KcQlZBHMCtvkQrjWWaEA,2026-04,40.74920519375645,-73.97036335038489,4,2026,True,3.430289890736964,119
tudor_city_place_009,40.748545,-73.970814,tudor_city_place,mid_block,OK,maoUAmqcfVdJE5hDX_9uUA,2026-04,40.74852322950412,-73.97085327186429,4,2026,True,4.09933165184696,119
